X				1	X	330		323	10	row1
		323	323							row1
										row1
								308	329	row1
			317		330				225	row1
						330				row1
										row1
X				X	X				X	row1
X	408	328		2	X	304	404	328	11	row1
						404	406			row1
							308	323		row1
			411			330		302		row1
										row1
			330							row1
			304		302	407				row1
X		314		X	X	401	415		X	row1
X				3	X				12	row1
										row1
								328		row1
	331	308	302	328		331				row1
	316	413	316							row1
			411		329		328			row1
						308				row1
X	322		330	X	X				X	row1
X				4	X	216			13	row1
				316		229		303	226	row1
					203		321	329	222	row1
									303	row1
										row1
				308						row1
										row1
X				X	X				X	row1
X				5	X	315			14	row1
	406				331					row1
										row1
		302								row1
										row1
										row1
	328								330	row1
X	318	302		X	X		224		X	row1
X				6	X				15	row1
					303					row1
				302						row1
317				325			415			row1
		401		404				407		row1
		330					318			row1
		401		210						row1
X				X	X	323			X	row1
X			321	7	X				16	row1
	404									row1
303									331	row1
			401	401	328					row1
					308				408	row1
	302		325	308						row1
							328			row1
X				X	X	302		209	X	row1
X	318			8	X	323	329		17	row1
								304		row1
				204						row1
			325	304			407	311		row1
						325		330		row1
								331		row1
					406		308			row1
X				X	X		303		X	row1
X	328			9	X	330			18	row1
314	308						404			row1
		215			328					row1
				314	222	411	322			row1
	229				229					row1
					328					row1
						302		308		row1
X				X	X				X	row1
X				99	X	303		314	112	row1
	329		309	325			304	325	304	row1
	328	314						318	201	row1
	323		304	311		404		315	308	row1
		323	302	302	310			308	308	row1
224	329	325		331					229	row1
	310	322		318	325		310	304	301	row1
X	315	303		X	X	308		301	X	row1
X	308	223		100	X		226	212	113	row1
			301		411	328				row1
		314	322		309		304	225		row1
	308	318	318	222	209	225		407		row1
	318	314	328	317	215	309			302	row1
407	225	311	318	318	302	316		321	226	row1
		301	311	302	304	404			302	row1
X	302	303	318	X	X		226	225	X	row1
X	308		303	101	X				114	row1
325		331	318	303		310	308			row1
318	328	223	314		222	404	321	309		row1
	310	317					328	304	222	row1
	302	328	317	314	328		321	325		row1
			317	314	316		404	229		row1
323	325		325	325			321	308		row1
X	314	208	314	X	X		215	229	X	row1
X	308	318	211	102	X				115	row1
		301	317	311	325	308				row1
		210	321	308		325	321	315	226	row1
	314	310	303		321		407			row1
	314		309				318			row1
222	321	304	321		322	308				row1
	318		325		328	404	308			row1
X	308	318		X	X	328	321	330	X	row1
X		316	308	103	X	224		224	116	row1
331	330	401	311	224	316	308	304			row1
325	301	308	316	303	310		404	322	119	row1
	328	303	325	321	407	315		316	407	row1
	321	304	310	314			322	303	407	row1
		317	321	310	316		323	404	308	row1
	310	401	304	325	210	302			304	row1
X	331	314	325	X	X	226	215	404	X	row1
X	314	314		104	X	222	316	329	117	row1
406	331		229	229			304	208	225	row1
308	210	415	329	308	222	308			308	row1
	316	310	330	302	308	329	226	229		row1
	310	310				329	226	330	303	row1
	222		308	226	322	325	204	302	302	row1
		310	211		323	411		229		row1
X		308	222	X	X	321			X	row1
X	308	328	309	105	X	308	321	211	118	row1
321	304	328			209	304		310		row1
	318			325	216	303	203	211	316	row1
		308	318	321	229	330		218		row1
				309	308	304		211		row1
	314		302		422		318	225	226	row1
325	325	330		308	308					row1
X		321	314	X	X		316		X	row1
X	301	314	308	106	X	119	303		119	row1
	311		328	226				308		row1
	308	328	408	401				308	302	row1
	311	328	328	215		303		329		row1
	304	314	407	329		328				row1
303	301	401				407	401	302		row1
		308	303	331		226				row1
X		316	301	X	X	329	303		X	row1
X	321	303	316	107	X	303			120	row1
		310		322		408		329	217	row1
	325		309				209			row1
	401	321	325	325	119	322				row1
		302	223	302	408	404	413		308	row1
	304	309	314	309	321	328			222	row1
		321	215	303		212				row1
X		226	314	X	X	321	226	303	X	row1
X	308			108	X		411		121	row1
	314	310	318	325		318	310			row1
	316	330		308	225				308	row1
329			222			310				row1
			308	325	308		309	316		row1
	404	308	308	315					212	row1
309		321	404	321	303					row1
X		325	308	X	X			222	X	row1
X	322		310	109	X		308		122	row1
	331		302	329	318	302		301	308	row1
		407	212	225		407			225	row1
225		308				330			211	row1
	330	330	322	212		229				row1
				308			315	314		row1
		329	302	308		310		330	302	row1
X		225	315	X	X	218	303		X	row1
X	303	222	330	110	X	222			123	row1
			225	323					201	row1
	408					301				row1
		302			411	223				row1
		208		308	229	308				row1
	328	328			303		308	308	208	row1
		328				302	325			row1
X	328			X	X	229			X	row1
X		311	318	111	X			215	124	row1
318		309		304						row1
	329			304		304				row1
	308	321		226	308			401	229	row1
			308		322			308		row1
			330	229						row1
				304					308	row1
X	411			X	X				X	row1
X	318			37	X		303	330	46	row1
	328	325		302						row1
			229			329	321			row1
		325	325			316		407	210	row1
									321	row1
			229	322						row1
		208	328	322	404					row1
X				X	X				X	row1
X				38	X				47	row1
				330						row1
							303		411	row1
	314			229						row1
				401	302					row1
	329		318	311						row1
		408	314						212	row1
X		301	311	X	X				X	row1
X		328		39	X			314	48	row1
	318		216	407		209				row1
										row1
	318	226		331				318		row1
			330		406	331				row1
			407	308		404				row1
		321	325	329	328					row1
X			321	X	X				X	row1
X	318			40	X				49	row1
				308		325				row1
			406	309						row1
		328			330			302		row1
		411			330	325	226	226		row1
	329									row1
				308	328		328			row1
X	202		328	X	X				X	row1
X				41	X				50	row1
										row1
			304							row1
						330		222		row1
										row1
				226	323		331	225	302	row1
		328	325				315	212	404	row1
X			309	X	X			301	X	row1
X				42	X				51	row1
328		406		317	203	328	309	302	309	row1
				304		302				row1
			309			301				row1
			404				328			row1
			328	330						row1
										row1
X				X	X				X	row1
X	302			43	X	330	302	330	52	row1
		322			401		308	301	325	row1
			328					314		row1
				404		330	309	328		row1
	225			330			309			row1
				322						row1
										row1
X	330		209	X	X	328			X	row1
X	304			44	X				53	row1
	331									row1
							328			row1
										row1
		310		331						row1
		dead				331		407		row1
		225								row1
X		225		X	X				X	row1
X				45	X				54	row1
										row1
		331		413						row1
		317								row1
										row1
										row1
								422		row1
X				X	X	301			X	row1
X	308		302	151	X	303		321	164	row1
328	308		308	304				316	331	row1
	331		303	317	302		308			row1
		328	322	329						row1
			314					302		row1
	222	303	308	321						row1
	325		404		322	222			211	row1
X		314	325	X	X		229		X	row1
X	302			152	X			308	165	row1
	325	404		329		411				row1
	321					226		208	301	row1
331			331			216			203	row1
	314									row1
				321			314	404	301	row1
	322	328		314				304		row1
X	330	314	302	X	X				X	row1
X	328	328	314	153	X				166	row1
	404	321		321	303		325			row1
	318		321	308			308			row1
	329	321	328	325	415	321				row1
			310	325					229	row1
	321	331	308	317	415					row1
	318		316	325		331				row1
X	328	329	309	X	X			308	X	row1
X	308		308	154	X	404	328		167	row1
	308	317	212	308						row1
308	224	328		325	328				304	row1
		316	406	311	328					row1
329	301	211	329	323	229			404	211	row1
	323		314	314						row1
308	314	325		321						row1
X			325	X	X	310		203	X	row1
X		309		155	X	314	413		168	row1
		323	316	222	328		314			row1
	323	314	329	325					427	row1
	330	314	308		308		224		229	row1
321	222	314	413	308	331	329		325	323	row1
	304	314	314	322	308				304	row1
404			321		308	316		304	331	row1
X	223	315	222	X	X	308	304	325	X	row1
X	308			156	X	304	408	222	169	row1
223	302	309		328	301	308		303		row1
308			311				325			row1
		229		404	301	308	404	217		row1
	215		308		321	308				row1
			311	323		329		222	216	row1
223			328			208		328		row1
X	311		406	X	X		304	325	X	row1
X	310	325	308	157	X				170	row1
303	229		225	222	328		226			row1
		316	301		325	215			222	row1
308	330	215		226	314	302	408		225	row1
	308		226	223			404		322	row1
		308	303	210			215			row1
303				301			317		222	row1
X	308		226	X	X	222	413	310	X	row1
X			311	158	X	321			171	row1
		215	404	328		404	302			row1
			229		229	226			301	row1
	303	322	328				310		308	row1
			322	223		229		304		row1
			304		328				303	row1
	302	304	212	226						row1
X		303		X	X	301		323	X	row1
X		314	222	159	X				172	row1
	225	303	303				404			row1
302	310			222						row1
	302	223	302			302		229	302	row1
	208			212				303		row1
225		229	223			304		302		row1
304	219	223								row1
X		310		X	X				X	row1
X			222	160	X		222		173	row1
				302			302	302	218	row1
		328	302	329	328		318			row1
				314			304			row1
303		222							211	row1
	215			225						row1
	225			304		316				row1
X				X	X				X	row1
X		308	208	161	X				0	row1
		224		302						row1
		308	218							row1
			226	225						row1
	302	225	215							row1
	304	302		215						row1
			302							row1
X			212	X	X				X	row1
X				162	X				0	row1
				316						row1
			226	321						row1
			304	323						row1
				308						row1
										row1
	229		229							row1
X			404	X	X				X	row1
X				163	X				0	row1
	302	302		215						row1
	328	229		222						row1
				215						row1
										row1
			209	215						row1
			209	302						row1
X			302	X	X				X	row1
X	224	304	223	177	X	-	222	222	186	row2
304	309	314	-	308	301	119	119	303	-	row2
314	322	322	225	315	-	315	318	314	301	row2
303	321	302	-	224	317		-	-	-	row2
310	328	302	318	218	215	314	323	-	330	row2
218	311	302	222	301	-	-	301	-		row2
314	323	329	224	308		314	217	317	311	row2
X	314	314	219	X	X	321	422	-	X	row2
X	225	304	303	178	X	222	-	301	187	row2
-	325	308	321	222	-	308	314	309	316	row2
224	329	302	308	314	314	-	302	212	315	row2
321	314	318	328	215	-	315	-	-	309	row2
316	331	314	309	308	309	308	328	328	209	row2
321	308	329	301	318	309	309	404	302	210	row2
314	322	308	407	225	411	314	219	331	211	row2
X	314	-	208	X	X	323	321	328	X	row2
X	222	317	325	179	X	219	223	303	188	row2
318	328	323	308	318	301	222	316	404	311	row2
314	210	318	212	308	314	309	302	210	304	row2
309	210	318	308	222	-	309	-	317	315	row2
308	411	215	401	317	413	302	404	328	-	row2
315	229	314	-	314	-	329	216	309	328	row2
322	226	317	303	318	-	-	-	407	314	row2
X	321	-	318	X	X	302	318	310	X	row2
X	310	314	217	180	X	308	301	328	189	row2
224	302	325	308	325	310	315	-	-	302	row2
223	308	329	404	208	-	225	-	-	314	row2
301	-	328	318	301	225	-	-	315	308	row2
308	222	210	209	328	315	-	328	325		row2
314	308	225	314	321	318	-	318	318	304	row2
-	311	224	303	224	308	223	-	-	210	row2
X	308	308	322	X	X	-	325	308	X	row2
X	301	315	-	181	X	328	308	301	190	row2
	-	304	303	303	226	318	328	311	-	row2
314	321	310	328	321	315	-	314	226	304	row2
328	222	208	315	203	-	308	321	-	317	row2
223	314	301	314	302	422	308	316	317	212	row2
325	310	404	303	328	314	-	304	308	302	row2
223	329	315	-	328	301	229	-	-	309	row2
X	222	302	-	X	X	229	318	318	X	row2
X	218	315	301	182	X	401	317	-	191	row2
-	208	317	-	321	314	218	226	-	311	row2
-	223	225	308	314	-	315	322	-	304	row2
308	308	308	314	317	216	314	222	-	216	row2
321	311	218	331	223	225	308	314	314	222	row2
303	315	314	308	302	218	314	328	328	215	row2
301	215	329	310	310	229	-	330	315	308	row2
X	302	309	314	X	X	-	-	308	X	row2
X	302	314	308	183	X	223	316	-	192	row2
225	-	215	308	308	-	-	317	-	222	row2
225	217	225	315	318	318	-	331	208	314	row2
427	301	314	222	317	317	225	222	-	331	row2
222	314	314	-	210	321	303	303	-	-	row2
302	226	302	-	314	311	322	-	-	-	row2
218	317	315	321	-	218	315	302	226	-	row2
X	-	328	318	X	X	-	322	-	X	row2
X	226	317	301	184	X	308	211	302	193	row2
314	215	314	-	328	323	317	-	-	212	row2
229	222	-	317	308	429	-	309	-	318	row2
-	229	301	317	311	223	413	316	229	229	row2
429	311	311	308	212	321	504	322	304	215	row2
222	314	321	314	303	321	226	210	119	329	row2
304	314	317	310	308	404	302	303	301	314	row2
X	328	308	224	X	X	225	404	209	X	row2
X	226	309	323	185	X	317	308	-	194	row2
328	314	315	-	309	308	314	317	-	311	row2
-	302	215	314	218	314	317	325	314	325	row2
223	321	317	311	318	-	218	-	-	217	row2
-	314	224	317	317	-	215	318	315	209	row2
222	302	314	304	309	303	318	-	301	303	row2
226	301	222	322	308	308	-	-	301	316	row2
X	310	-	-	X	X	401	212	225	X	row2
X	-	303	303	275	X	222	315	512	288	row2
-	-	212	311	314	318	301	222	308	-	row2
216	314	318	318	317	-	308	304	315	226	row2
314	301	328	314	225	321	229	314	308	-	row2
216	318	314	318	310	222	308	-	321	317	row2
314	308	304	314	318	303	328	218	321	-	row2
314	314	301	222	310	317	222	212	310	-	row2
X	302	301	314	X	X	314	314	328	X	row2
X	317	314	314	276	X	318	308	314	289	row2
314	315	314	308	314	314	303	316	308	316	row2
321	309	314	316	229	314	302	301	303	318	row2
-	222	224	308	314	224	304	304	308	226	row2
314	321	302	302	314	222	304	315	302	314	row2
302	222	311	328	315	328	315	318	314	314	row2
225	323	325	304	308	304	314	308	302	308	row2
X	316	311	314	X	X	308	219	310	X	row2
X	301	314	-	277	X	208	303	317	290	row2
222	308	308	301	314	308	211	211	308	222	row2
225	226	308	226	303	218	317	304	218	303	row2
302	308	229	314	302	321	321	226	321	308	row2
315	-	222	304	302	314	308	224	317	308	row2
308	302	308	308	323	304	225	217	-	225	row2
321	302	304	303	225	304	215	225	301	302	row2
X	-	314	315	X	X	315	303	311	X	row2
X	314	219	314	278	X	225	302	222	291	row2
216	-	211	314	226	308	314	308	314	315	row2
314	318	314	325	303	217	401	304	223	308	row2
318	308	308	302	314	302	317	222	323	316	row2
208	311	308	-	308	219	226	317	322	321	row2
314	311	308	321	222	316	316	321	311	331	row2
225	309	225	225	317	422	-	323	212	212	row2
X	314	302	-	X	X	314	222	303	X	row2
X	328	321	314	279	X	314	318	318	292	row2
422	224	-	302	325	318	314	308	310	311	row2
429	321	211	321	-		303	315	308	308	row2
308	314	330	314	308	321	315	315	208	218	row2
314	314	318	315	317	317	302	302	-	323	row2
216	229	-	308	222	309	224	308	303	226	row2
216	407	318	-	308	301	308	218	-	302	row2
X	323	302	318	X	X	302	318	225	X	row2
X	325	318	217	280	X	316	224	225	293	row2
315	308	404	311	224	-	308	321	315	229	row2
315	-	301	315	224	226	314	308	303	314	row2
308	430	315	315	321	308	303	210	301	318	row2
315	325	301	315	229	314	304	212	223	301	row2
329	315	226	308	218	315	301	308	317	321	row2
303	322	-	302	315	-	329	222	314	210	row2
X	315	322	315	X	X	303	211	222	X	row2
X	302	224	325	281	X	328	321	224	294	row2
315	325	309	210	308	328	215	-	210	315	row2
315	314	308	309	224		311	302	302	-	row2
325	325	310	302	323	318	310	-	310	314	row2
229	308	-	325	309	225	226	311	-	-	row2
314	316	-	308	309	-	215	310	229	310	row2
314	308	215	325	304	321	303	223	304	222	row2
X	309	328	321	X	X	210	302	222	X	row2
X	-	309	308	282	X	304	301	304	295	row2
223	302	308	-	223	314	315	314	302	223	row2
322	308	217	211	229	229	304	301	224	308	row2
317	301	-	407	323	311	317	225	323	215	row2
303	328	321	314	321	222	316	303	225	318	row2
-	218	325	321	-	303	301	222	304	315	row2
301	422	321	-	321	301	321	311	314	309	row2
X	215	318	314	X	X	308	226	311	X	row2
X	302	321	308	283	X	315	321	225	296	row2
224	318	311	310	316	229	407	314	-	303	row2
328	225	-	226	314	302	328	328	302	212	row2
225	308	222	315	317	322	308	325	321	308	row2
-	314	321	304	314	303	211	-	314	229	row2
303	226	308	209	308	224	222	322	309	308	row2
301	308	229	304	314	323	318	316	331	302	row2
X	222	311	215	X	X	314	314	314	X	row2
X	308	229	304	284	X	321	311	407	297	row2
216	406	215	301	303	-	321	309	308	314	row2
-	222	316	302	314	314	212	321	302	309	row2
303	-	318	-	218	302	304	321	309	222	row2
-	325	322	318	302	314	321	304	314	310	row2
308	-	310	226	311	323	226	308	314	325	row2
212	314	314	401	325	226	309	318	304	318	row2
X	224	-	229	X	X	314	229	321	X	row2
X	301	229	311	285	X	315	314	303	298	row2
308	229	314	301	321	323	303	323	211	314	row2
226	308	316	301	302	308	308	224	315	-	row2
304	315	222	314	224	304	308	219	308	308	row2
303	303	224	315	304	209	303	222	322	328	row2
218	212	304	309	302	303	311	321	308	-	row2
-	330	317	304	315	308	322	311	308	308	row2
X	308	311	304	X	X	315	229	328	X	row2
X	310	321	317	286	X	224	329	304	299	row2
308	308	321	303	304	318	321	314	304	316	row2
302	315	215	302	311	229	406	321	215	314	row2
302	321	311	224	222	322	316	229	229	224	row2
224	315	315	308	316	314	311	212	310	323	row2
224	317	308	226	222	318	304	406	315	308	row2
318	310	302	304	316	328	318	318	316	217	row2
X	229	315	212	X	X	321	325	229	X	row2
X	308	311	325	287	X	215	302	329	300	row2
304	301	331	302	328	308	224	308	302	308	row2
308	321	310	407	302	229	318	310	318	322	row2
314	311	308	308	318	212	321	308	315	304	row2
301	302	315	310	215	303	308	325	229	302	row2
308	321	311	-	304	303	308	316	304	302	row2
315	308	314	317	301	325	315	321	325	316	row2
X	321	301	321	X	X	222	226	308	X	row2
X	302	-	308	213	X	321	308	321	222	row2
316	328	322	308	314	322	309	303	314	311	row2
215	321	316	314	317	318	215	310	-	309	row2
314	223	226	222	314	325	301	314	308	213	row2
229	317	222	222	208	322	317	311	308	210	row2
-	328	315	222$	209	-	212	-	328	226	row2
-	311	304	330	328	325	311	301	301	-	row2
X	315	304	309	X	X	308	222	225	X	row2
X	229	-	-	214	X	322	308	314	223	row2
330	321	216	316	-	314	308	308	325	-	row2
308	209	304	322	309	309	212	325	321	?	row2
302	328	309	309	222	311	302	222	308	318	row2
310	401	318	323	224	318	401	229	321	322	row2
-	328	308	222	321	302	303	329	321	308	row2
314	226	322	308	226	314	314	308	226	225	row2
X	310	308	407	X	X	310	-	321	X	row2
X		-	302	215	X	222	328	321	224	row2
322		205	321	415	303	316	328	314	310	row2
210	328	-	323	317	229	315	-	311	212	row2
222	328	314	302	-	-	-	315	308	316	row2
222	226	-	314	-	-	-	211	315	323	row2
303	303	302	303	314	311	304	322	302	308	row2
-	303	211	304	314	308	316	303	301	223	row2
X	314	223	224	X	X	302	301	-	X	row2
X	323	314	303	216	X	229	301	-	225	row2
308	317	226	308	314	210	328	321	315	303	row2
427	224	-	303	302	314	316	226	316	302	row2
303	322	302	322	308	222	404	317	317	309	row2
-	310	222	309	218	309	404	321	316	315	row2
222	-	-	330	229	303	212	404	304	209	row2
222	-	226	318	-	308	311	316	-	316	row2
X	304	309	302	X	X	229	308	321	X	row2
X	-	208	308	217	X	-	321	301	226	row2
323	323	310	323	314	323	-	321	330	314	row2
310	331	304	315	310	315	302	314	-	311	row2
-	308	318	308	-	-	330	-	314	314	row2
308	314	308	304	229	323	322	-	321	226	row2
229	301	328	315	229	304	217	317	323	309	row2
308	318	-	229	314	-	210	315	-	314	row2
X	304	308	321	X	X	328	-	311	X	row2
X	303	314	321	218	X	314	226	226	227	row2
308	331	404	331	328	222	315	-	316	304	row2
-	315	-	229	-	223	302	310	308	222	row2
318	321	309	321	215	308	314	222	226	311	row2
222	325	308	322	328	-	308	-	-	-	row2
-	302	321	309	311	-	310	322	-	317	row2
-	316	201	302	-	-	321	229	315	223	row2
X	328	222	308	X	X	-	322	311	X	row2
X	222	308	314	219	X	323	224	304	228	row2
321	325	304	223	314	328	225	304	302	-	row2
328	321	317	314	225	-	316	211	314	303	row2
223	304	229	331	314	323	322	204	331	308	row2
315	318	321	401	328	304	223	211	323	229	row2
304	308	311	314	226	321	325	308	308	-	row2
304	308	229	317	314	308	215	223	314	323	row2
X	328	314	315	X	X	321	304	-	X	row2
X	308	-	322	220	X	302	212	321	229	row2
309	X	-	411	211	308	318	302	-	302	row2
310	328	328	321	229	323	329	302	321	315	row2
223	315	318	318	309	217	308	331	303	225	row2
404	309	302	203	-	318	308	223	328	321	row2
308	-	223	304	302	331	310	302	321	-	row2
-	315	308	224	-	328	302	318	302	222	row2
X	325	317	322	X	X	314	303	314	X	row2
X	314	308	314	221	X	302	-	-	230	row2
311	308	318	311	211	-	325	-	222	223	row2
302	-	315	328	222	215	-	302	-	-	row2
222	315	-	316	307	308	328	304	325	215	row2
308	216	314	317	321	308	316	308	304	302	row2
210	317	302	407	-	304	222	-	-	323	row2
317	316	302	315	302	-	-	222	314	308	row2
X	307	-	321	X	X	-	309	309	X	row2
X	321	219	301	327	X	301	318	212	340	row2
316	317	318	309	303	311	301	302	310	303	row2
303	325	321	212	224	-	-	318	-	223	row2
309	315	222	314	226	-	301	325	325	222	row2
-	318	226	308	314	314	311	223	-	308	row2
-	303	210	309	224	-	303	317	223	-	row2
325	304	229	304	307	222	222	302	-	301	row2
X	225	304	218	X	X	308	224	323	X	row2
X	212	226	321	328	X	222	-	303	341	row2
229	223	307	307	225	307	-	321	-	-	row2
317	222	317	314	316	216	-	307	-	-	row2
-	304	302	304	303	322	307	304	309	-	row2
211	308	311	328	226	315	328	311	308	303	row2
215	314	226	321	325	-	309	321	314	-	row2
229	307	226	321	215	-	216	-	329	209	row2
X	212	314	222	X	X	304	-	224	X	row2
X	307	302	226	329	X	211	-	302	342	row2
222	314	225	321	302	314	304	329	308	322	row2
307	223	314	301	322	310	323	315	328	301	row2
323	222	311	-	328	318	226	216	322	-	row2
311	307	229	314	314	317	-	322	325	311	row2
307	212	225	308	218	321	-	314	329	302	row2
226	304	314	308	314	314	226	224	317	215	row2
X	308	215	317	X	X	229	-	322	X	row2
X	222	226	302	330	X	302	328	317	343	row2
208	226	308	225	316	322	317	314	311	308	row2
225	225	303	309	222	222	-	301	224	222	row2
301	217	229	226	308	308	217	301	212	322	row2
222	314	304	317	223	302	215	308	222	304	row2
226	225	314	222	226	317	307	222	316	321	row2
215	309	318	225	225	219	322	224	301	315	row2
X	303	309	317	X	X	-	210	302	X	row2
X	314	301	308	331	X	314	303	223	344	row2
215	304	308	308	302	226	314	-	-	229	row2
-	321	308	229	304	218	314	212	-	218	row2
308	309	314	318	212	-	315	309	309	-	row2
315	217	304	310	301	308	-	302	315	315	row2
303	309	317	-	301	307	322	321	222	314	row2
226	314	304	314	223	318	303	309	317	224	row2
X	325	314	304	X	X	314	303	321	X	row2
X	302	322	222	332	X	226	314	314	345	row2
-	302	-	215	303	321	210	-	-	314	row2
302	314	307	222	303	308	309	-	310	316	row2
304	301	308	304	308	308	301	309	307	314	row2
222	302	315	321	314	224	309	330	303	308	row2
323	321	314	222	308	325	309	315	-	314	row2
304	302	302	315	309	-	314	308	215	301	row2
X	311	315	304	X	X	226	302	301	X	row2
X	209	318	307	333	X		314	222	346	row2
318	222	314	325	303			302	311	317	row2
309	314	314	-	222			404	208	304	row2
	422	314	222	215			301	314	222	row2
317	314	308	308	210			304	215	314	row2
329	308	222	302	314				222	311	row2
229	301	328	321	-				215	203	row2
X	224	304	328	X	X			222	X	row2
X	304	304	314	334	X	302	309	314	246	row2
314	315	304	304	302	408	-	309	302	309	row2
318	315	222	311	315	314	-	422	328	314	row2
308	303	223	229	314	222	224	-	309	229	row2
308	314	328	224	314	322	224	302	302	309	row2
-	321	314	304	314	311	321	-	302	223	row2
321	226	310	304	303	314	321	-	302	226	row2
X	-	303	302	X	X	315	311	314	X	row2
X	314	315	222	335	X	308	322	-	247	row2
222	307	302	302	222	311	325	325	229	215	row2
303	215	222	315	308	317	328	321	229	304	row2
224	225	225	222	303	314	308	-	226	229	row2
314	222	314	308	212	-	311	314	303	317	row2
309	210	225	314	318	229	310	224	331	222	row2
303	314	301	309	303	318	317	303	308	-	row2
X	309	315	218	X	X	315	308	314	X	row2
X	302	303	315	336	X	311	-	316	248	row2
308	321	315	308	316	309	321	316	-	307	row2
301	224	321	308	229	315	215	-	229	-	row2
308	318	323	314	314	301	318	303	321	-	row2
303	308	325	318	325	208	321	-	317	315	row2
211	314	318	224	309	224	201	229	316	-	row2
205	302	304	304	302	315	328	310	223	311	row2
X	304	303	303	X	X	315	212	301	X	row2
X	224	226	-	337	X				X	row2
-	309	304	304	-						row2
302	304	225	229	323						row2
310	215	304	325	222						row2
318	304	222	225	226						row2
211	316	229	314	314						row2
328	301	314	331	304						row2
X	304	314	308	X	X				X	row2
X	311	308	225	338	X				X	row2
302	303	309	303	328						row2
302	323	212	301	328						row2
222	303	-	225	215						row2
215	303	309	307	318						row2
307	315	304	211	222						row2
222	303	401	310	316						row2
X	304	303	314	X	X				X	row2
X	307	301	-	339	X				X	row2
314	222	317	318	302						row2
208	308	-	229	310						row2
215	318	308	222	309						row2
303	229	321	422	226						row2
218	302	222	317	308						row2
323	325	310	224	308						row2
X	229	310	314	X	X				X	row2
X	229	301		73	X	325	229	322	86	row3
	321	329	119			218				row3
328			401			316	323	322		row3
301		224		216	325		308		316	row3
	328		304	328	226	411	316			row3
	304	303			315	211	219	328		row3
		309		401	325	316	303	218		row3
X	328	317	325	X	X				X	row3
X	316	309	304	74	X	314	226	322	87	row3
314	216	308	302		322	223	314	317		row3
		226		321	304		328	314		row3
			226		304	307	318			row3
	309		328			314	218			row3
	303	304	321		226		211	325	321	row3
310	314	309	303	307	404	314	325	226	308	row3
X	325		229	X	X		308		X	row3
X		308	318	75	X	211	321	222	88	row3
	329	322	308	404	413		211	316	330	row3
330	303	308	222	209	304			321		row3
222	222		211			229	322	322		row3
328	304	304	325			325		413		row3
	303						407		303	row3
	303		308		317		302	229		row3
X				X	X				X	row3
X			304	76	X	304	310	304	89	row3
	303	301	307			222		314	314	row3
304	304	304	308	304			407		406	row3
303	303		318		222		408	328		row3
	304		301			222	316	325		row3
	314		308	301		304			406	row3
			224	304			308		330	row3
X		321	314	X	X	208			X	row3
X	303			77	X		302		90	row3
308							304			row3
		314				229		316		row3
407						407		316		row3
			322				406			row3
	323				303			318		row3
	325	328	301		301	304	308	411		row3
X		208	224	X	X		224		X	row3
X			308	78	X		222		91	row3
			325		415					row3
	318		325					316		row3
	314		304				328			row3
	321		328			303				row3
	223		404		331			329		row3
			314		330				309	row3
X			310	X	X	308		303	X	row3
X	302		304	79	X	328	406	331	92	row3
203	408	314	225		219			224		row3
303	325	314	315	321		308	307			row3
			321					318		row3
		323	323			203		317		row3
	314		309	314	212		311		318	row3
		314	316	316			404	328		row3
X	315	328	223	X	X		331		X	row3
X	316	308		80	X	325	303		93	row3
314	322	329		302	316		229			row3
318	322		308	226		411				row3
	323	330	321	411	415	411		411		row3
	323		225	411				314		row3
212	325	314	309	314			302			row3
328	308	322		315				309		row3
X		229	316	X	X		226	223	X	row3
X			407	81	X	308		304	94	row3
	318	310	308					202		row3
	408			303	302		302	325		row3
	317		302				302	321		row3
	323			401	328		225	317		row3
		318			415		303			row3
			316		222	321	226	308		row3
X	304			X	X	224	208		X	row3
X		308		82	X	411		325	95	row3
			222	225	323		303	303		row3
	301	322		401	323		302	304	321	row3
	224		226			308			411	row3
304	328	303				309				row3
	407				216	304	318			row3
323			204				321		328	row3
X		304		X	X	304	302	303	X	row3
X	323	330	119	83	X	309	307	304	96	row3
	328	325	314			307			318	row3
		314					411	301	303	row3
	302	308	321		302		304			row3
401	316			307	304	304	204		407	row3
	318		226	302	323	316	411	330		row3
	303		317	321		323	309	302		row3
X			201	X	X		309	211	X	row3
X	328	322		84	X		303	224	97	row3
217	328	311	308		302			408	329	row3
328	316		314	311						row3
309	303		311	323			307			row3
	318	309	210	223		411	224		315	row3
309	303	328	314		408			308	308	row3
		309	415	314			201	401	404	row3
X	321	328		X	X	411	308	223	X	row3
X	411	229		85	X	329	307	308	98	row3
309	310	321	307	311				325		row3
229	314	329	222	302	222		314	212		row3
	408	321	314	307		318			321	row3
	308	308		323		328	308			row3
209			321	404		404	229	329		row3
321		308	325		401	321	322			row3
X				X	X	308			X	row3
X				19	X	308	406		28	row3
	315		321		328	317				row3
			321			314	318			row3
	321	404		411						row3
					331					row3
	328	328			301			408	330	row3
		325		321						row3
X	328			X	X				X	row3
X				20	X		330		29	row3
						310				row3
		413	314	314	407		315			row3
						315				row3
		308								row3
	407				411	328				row3
						309			318	row3
X		330		X	X	304	328		X	row3
X		411	331	21	X	308		225	30	row3
		314	325		330	404				row3
							321			row3
		325								row3
						229				row3
				404		321	328	202		row3
			330			314				row3
X		321	404	X	X		303		X	row3
X				22	X		308		31	row3
						329	322			row3
	413			331						row3
										row3
			331							row3
	314		314	404						row3
		303	404		401	321		328		row3
X		415		X	X				X	row3
X				23	X		314		32	row3
	321					321	411			row3
		229		415		325				row3
							224			row3
		408	304							row3
	329	311		308						row3
				407		308				row3
X		408	415	X	X				X	row3
X				24	X		323		33	row3
				328		316	407			row3
		311								row3
		303		401	323	302				row3
304		328								row3
			331			311				row3
	330		407	329						row3
X				X	X				X	row3
X	323		316	25	X		330		34	row3
	404	329	303	323						row3
		411								row3
										row3
	328									row3
	328		415							row3
		415						328		row3
X		328		X	X	218			X	row3
X			218	26	X		328		35	row3
			328							row3
	317	404					404			row3
328	328	404					407			row3
	229					311				row3
		328						229		row3
		229		411						row3
X				X	X	309			X	row3
X	321	314		27	X				36	row3
	218	322								row3
			404	328						row3
	309		303				321			row3
			328						328	row3
	328	328	330		401				328	row3
			330					321		row3
X			201	X	X	229			X	row3
X	308	304	314	125	X	310	210		138	row3
	411	314	316		216		401			row3
	328	328	325			411	302		308	row3
310	316			308					328	row3
			309	314			407	330	330	row3
		209	331	314	308		408	310	308	row3
				316					401	row3
X	316	303		X	X				X	row3
X	314	404	411	126	X			225	139	row3
218	222			222						row3
226	328	308			316		208	404		row3
302	311		229			330				row3
222		311		318					314	row3
	329	407	328							row3
								308	314	row3
X			329	X	X	329	302	310	X	row3
X	314			127	X				140	row3
			325	331			229		329	row3
	314				301	225	225	328		row3
	328		311	331		309				row3
	325	308	303		328				315	row3
		325						310		row3
	301	314	304	308	328			224		row3
X	331	308	331	X	X	310		407	X	row3
X			318	128	X				141	row3
309	310		304		302					row3
	309	318	310	301					314	row3
308		308							328	row3
	331	330	315	309	411	330	309	308		row3
310	314	321	404		208					row3
	316				226				318	row3
X	314	225		X	X			301	X	row3
X	308	308		129	X				142	row3
225		314	325	331	310			308	329	row3
	328			316				329		row3
	323	407	325	325	303	323				row3
	314	303	302	411	411	315				row3
308	329		302	314	308					row3
329	314			321			301			row3
X			328	X	X			301	X	row3
X	310			130	X	303			143	row3
	307	323				224				row3
314		321	401				330			row3
	322	229				314			225	row3
			321		222			309		row3
	328									row3
314	411	309				318	218	308		row3
X				X	X			314	X	row3
X				131	X		323		144	row3
			308		303		325	314		row3
					308	401		309		row3
331	407		328					309		row3
					321	321				row3
	314			303						row3
	302	325	307							row3
X				X	X	308		314	X	row3
X	225			132	X		222		145	row3
			308	226						row3
										row3
										row3
			302							row3
	321	407		302						row3
		310				308				row3
X	302		308	X	X	303			X	row3
X				133	X				146	row3
301		229	229			321				row3
							211			row3
407					304		202			row3
328				229			304			row3
		325								row3
	308	323								row3
X		229		X	X		314	205	X	row3
X	321		301	134	X	303		408	147	row3
	229				315		222			row3
	317				303				304	row3
329			315		229	229		215		row3
				212	325		323			row3
			308					404		row3
	321	309		328		303				row3
X		321	303	X	X	308	310	311	X	row3
X	301	226	309	135	X		303		148	row3
301		318								row3
404			303	323					401	row3
						323		413		row3
	302	308	329							row3
		406	307	308	406	407	309			row3
			323	302	302			325	226	row3
X				X	X	316	408	314	X	row3
X		404		136	X		309		149	row3
						407		314	316	row3
	328							315		row3
		308					323			row3
				322		328	404			row3
				304			413			row3
				119			323			row3
X				X	X		316		X	row3
X	303	202	314	137	X	309	225		150	row3
	401		303		229		404			row3
316		208			209					row3
		208	330		316					row3
		321		218					317	row3
						310		321	331	row3
					224			225	317	row3
X		215		X	X		302	408	X	row3
X				55	X		303	304	64	row3
										row3
323	325			331					406	row3
										row3
									323	row3
				301		302				row3
			330							row3
X				X	X		328		X	row3
X				56	X		302		65	row3
			329					325		row3
										row3
			329							row3
	308	308								row3
								329		row3
										row3
X				X	X				X	row3
X				57	X	330			66	row3
					331			404		row3
			415							row3
			407					315		row3
										row3
					321					row3
308					301					row3
X				X	X				X	row3
X				58	X		322	325	67	row3
										row3
	323									row3
						322		325		row3
						322				row3
								329		row3
					303					row3
X				X	X				X	row3
X				59	X				68	row3
										row3
						325	328			row3
								308		row3
						308				row3
			222					415		row3
										row3
X				X	X				X	row3
X				60	X				69	row3
					308	328	328			row3
								321		row3
				328						row3
										row3
		406								row3
					318	330	330			row3
X				X	X			411	X	row3
X			322	61	X				70	row3
								404		row3
			201		201	322				row3
							325			row3
						325	404			row3
										row3
							407		318	row3
X				X	X				X	row3
X				62	X				71	row3
					304					row3
				331						row3
			316							row3
	303					408			404	row3
		323				303				row3
									331	row3
X				X	X		330	330	X	row3
X				63	X				72	row3
										row3
	328									row3
	325			422		310	301			row3
		407	301				322			row3
				422		315		316		row3
			301	308						row3
X				X	X				X	row3
X	325	226	210	249	X	309	309	310	262	row4
303	328	-	222	229	317	321	321	321	304	row4
224	304	302	325	323	318	222	308	314		row4
323	-	302	314	510	321	208	224	-	328	row4
215	323	-	316	303	316	222	316	222	323	row4
302	-	310	323	223	314	224	222	308	309	row4
210	212	315	325	303	314	-	411	308	413	row4
X	321	310	411	X	X	301	328	308	X	row4
X	212	322	323	250	X	307	226	226	263	row4
309	303	301	328	222	322	226	-	229	-	row4
322	317		309	321	411	229	308	209	-	row4
315	311	210	309	304	322	316	318	328		row4
404	226	229	226	321	215	321	225	328	317	row4
226	212	318	314	303	323	302	323	-	212	row4
301	311	331	208	303	401	304	223	404	-	row4
X	223	316	310	X	X	308	318	-	X	row4
X	307	303	404	251	X	308	325	323	264	row4
308	314	303	321	302	215	222	325	-	-	row4
223	-	310	302	226	303	222	321	318	310	row4
224	304	316	328	310	-	323	303	309	331	row4
314	401	321	304	224	224	-	302	322	-	row4
229	309	225	222	302	215	301	222	411	222	row4
222	303	316	212	302	302	303	321	314	-	row4
X	302	318	308	X	X	215	328	321	X	row4
X	308	302	302	252	X	225	212	308	265	row4
314	314	301	-	222	322	310	316	314	222	row4
314	225	303	309	318	302	303	318	303	-	row4
404	308	317	222	314	226	314	322	-	330	row4
212	218	229	222	302	330	315	215	314	222	row4
212	222	308	325	314	331	303	222	229	-	row4
224	302	310	325	315	308	302	222	225	322	row4
X	302	310	321	X	X	223	-	211	X	row4
X	314	311	307	253	X	310	223	309	266	row4
315	314	-	302	314	308	323	321	-	328	row4
226	225	225	-	304	413	224	215	308	321	row4
226	304	323	311	314	314	321	302	223	311	row4
226	215	225	303	302	307	314	-	224	223	row4
224	303	301	307	304	-	-	303	328	302	row4
309	316	225	309	215	303	229	303	226	309	row4
X	222	203	304	X	X	314	318	223	X	row4
X	202	211	315	254	X	322	211	315	267	row4
308	301	331	208	218	314	321	314	311	223	row4
222	303	318	404	-	301	321	302	310	318	row4
215	303	222	322	226	301	223	310	411	226	row4
314	325	-	215	-	224	304	422	219	309	row4
303	222	310	301	-	229	308		311	315	row4
-	-	215	309	212	325	229	308	229	323	row4
X	223	309	-	X	X	321	309	314	X	row4
X	314	304	307	255	X	307	224	314	268	row4
317	308	404	-		318	316	321	304	329	row4
301	303	-	314	321	225	-	301	406	304	row4
215	-	-	321	224	-	222	222	504	303	row4
303	310	311	415	314	-	314	-	304	304	row4
222	211	303	303	304	314	211		-	314	row4
512	317	418	311	325	309	301	318	229	219	row4
X	317	224	314	X	X	307	308	311	X	row4
X	314	307	314	256	X	226	315	-	269	row4
323	323	418	317	212	302	330	229	307	229	row4
219	314	308	302	209	316	223	222	-	323	row4
229	314	302	325	314	212	307	325	-	215	row4
308	309	-	318	304	323	311	-	314	314	row4
-	314	318	-	302	212	307	317	314	-	row4
311	308	224	212	310	212	-	-	224	226	row4
X	225	307	?	X	X	325	-	-	X	row4
X	226	224	314	257	X	314	302	307	270	row4
302	-	418	225	-	308	-		-	310	row4
229	222	223	325	309	314	229	314	225	303	row4
302	302	-	321	304	302	229	304	328	222	row4
218	318	215	422	328	316	-	311	223	-	row4
302	314	314	317	303	411	422	315	219	308	row4
308	427	307	314	229	-	411	229	301	-	row4
X	212	317	224	X	X		-	301	X	row4
X	309	317	307	258	X	307	315	314	271	row4
308	310	314	216	-	309	303	314	225	321	row4
216	321	321	302	-	323	212	229	308	222	row4
311	323	314	301	-	311	304	302	318	314	row4
323	322	210	314	315	308	309	229	308	-	row4
308	302	303	314	-	215	321	314	216	314	row4
302	316		-	-	304	316	328	328	-	row4
X	310	318	310	X	X	302	309	309	X	row4
X	-	314	314	259	X	223	408	-	272	row4
226	222	301	314	314	314	314	-	-	404	row4
303	308	322	303	323	315	314	310	302	222	row4
301	325	315	301	321	212	-	314	314	314	row4
229	323	301	325	328	-	-	301	314	328	row4
302	222	316	308	321	317	205	211	317	307	row4
408	301	303	321	-	314	321	307	302	304	row4
X	-	302	325	X	X	328	224	308	X	row4
X	218	311	325	260	X	323	314	307	273	row4
304	308	314	222	302	215	308	328	406	308	row4
223	-	314	222	314	331	211	314	316	303	row4
317	226	301	315	302	317	314	303	314	321	row4
308	314	218	-	-	323	302	317	314	322	row4
301	304	302	328	308		323	212	314	307	row4
406	301	308	302	304	-	314	314	316	307	row4
X	310	311	301	X	X	302	218	315	X	row4
X	314	329	318	261	X	317	325	317	274	row4
314	321	307	328	406	-	321	-	422	321	row4
307	308	302	311	303	310	229	314	323	-	row4
226	411	-	226	314	302	301	323	317	314	row4
321	404	302	302	303		325	310	229	316	row4
302	307	308	-	301	314	329	303	406	215	row4
315	316	318	302	-	323	302	308	307	-	row4
X	301	314	212	X	X	314	202	226	X	row4
X	314	314	304	195	X	222	311	303	204	row4
317	309	301	201	-	211	-	304	322	314	row4
-	-	-	302	318		314	314	321	323	row4
321	-	321	321	211	314	321	325	308	229	row4
-	328	-	-	-	316	314	315	315	302	row4
-	-	-	303	302	-	-	427	303	323	row4
223	422	-	301	-	303	302	229	229	-	row4
X	309	406	229	X	X	315	222	-	X	row4
X	304	-	-	196	X		308	224	205	row4
302	310	229	-	301	212	-	325	229	325	row4
226	-	-	323	226	-	-	-	314	322	row4
308	302	-	-	328	-	408	317	308	212	row4
-	310	308	323	302	217	314	323	-	307	row4
314	314	-	-	-	224	418	224	314	223	row4
-	-	318	322	-	308	-	-	226	229	row4
X	316	-	404	X	X	314	308	314	X	row4
X	317	311	317	197	X	325	321	308	206	row4
331	303	314	224	-	-	323	-	229	314	row4
309	329	216	314	-	-	229	229	308	-	row4
321	314	218	317	-	314	314	217	302	-	row4
328	316	-	304	314	-	224	-	222	-	row4
-	322	329	311	-	323	316	315	-	-	row4
222	304	224	315	325	-	323	302	311	308	row4
X	-	308	309	X	X	331	314	224	X	row4
X	309	323	323	198	X	314	303	-	207	row4
-	323	310	316	-	321	302	-	321	303	row4
308	-	-	321	-	316	215	321	317	316	row4
314	-	310	314	229	316	316	302	302	308	row4
302	-	310	314	308	-	-	-	-	-	row4
-		-	225	304	-	401	229	316	314	row4
-	226	308	311	-	304	308	-	310	308	row4
X	314	328	211	X	X	302	328	-	X	row4
X	-	223	307	199	X	322	308	-	208	row4
308	308	-	328	-	-	215	-	-	427	row4
-	318	-	315	-	408	223	422	314	311	row4
222	311	328	314	-	325	308	311	321	309	row4
422	309	323	308	304	311	309	211	318	223	row4
328	314	325	-	325	323	329	322	226	-	row4
212	322	222	-	-	315	311	301	314	308	row4
X	215	-	223	X	X	308	308	224	X	row4
X	229	302	226	200	X	310	229	309	209	row4
322	308	-	-	226	-	301	229	-	310	row4
-	321	-	215	226	-	-	-	-	307	row4
302	-	301	-	223	-	322	325	302	308	row4
303	-	-	225	-	-	307	314	304	302	row4
316	309	-	303	303	301	302	314	303	418	row4
-	322	-	-	223	208	208	229	-	316	row4
X	211	407	314	X	X	314	302	211	X	row4
X	321	314	314	201	X	-	314	302	210	row4
-	-	-	-	-	404	218	308	226	309	row4
308	301	329	215	321	212	302	328	-	303	row4
215	325	302	-	222	302	212	212	321	317	row4
311	317	-	302	-	229	311	302	314	212	row4
215	308	316	315	314	-	311	302	301	229	row4
317	-	-	303	308	308	302	309	314	310	row4
X		-	-	X	X	314	-	218	X	row4
X	308	310	311	202	X	315	318	226	211	row4
318	315	219	-	-	318	316	318	-	203	row4
217	-	308	-	321	303	318	229	226	226	row4
-	304	-	-	-	-	302	314	302	301	row4
202	310	321	318	-	322	314	-	-	229	row4
307	307	229	315	303	330	215	302	308	316	row4
-	-	301	328	321	217	308	321	317	222	row4
X	-	329	309	X	X	304	307	225	X	row4
X	-	-	303	203	X	218	330	226	212	row4
-	308	301	-	-	217	308	-	302	211	row4
413	318	-	-	325	229	314	314	308	315	row4
314	318	302	318	229	310	308	404	314	316	row4
215	314	-	308	322	321	315	329	318	211	row4
321	229	308	323	-	223	229	-	-	211	row4
321	323	315	328	-	225	318	218	308	219	row4
X	209	310	226	X	X	223	315	226	X	row4
X	-	315	-	301	X	224	229	322	314	row4
-	321	322	-	302	-	303	318	215	304	row4
314	328	310	422	-	216	212	311	226	315	row4
315	325	307	224	-	323	212	309	-	303	row4
321	314	307	314	314	-	212	311	302	322	row4
314	314	321	-	-	328	314	314	302	303	row4
222	-	318	321	318	314	218	309	330	223	row4
X	328	314	-	X	X	311	222	315	X	row4
X	407	211	301	302	X	301	303	-	315	row4
315	208	303	314	307	328	310	303	314	314	row4
218	224	303	314	225	328	308	-	311	304	row4
321	-	317	328	209	215	224	308	318	209	row4
302	304	224	309	315	302	321	309	-	209	row4
226	226	302	321	-	301	210	303	311	318	row4
302	314	-	224	308	302	422	321	224	-	row4
X	-	-	-	X	X	307	-	314	X	row4
X	310	323	314	303	X	311	314	314	316	row4
309	222	315	422	222	315	304	218	323	222	row4
303	307	303	-	308	208	321	311	307	316	row4
222		224		304	310	216	216	222	318	row4
-	-	315	301	309	316	318	224	311	222	row4
311	307	314	222	229	307	407	318	314	222	row4
-	321	322	314	307	-	304	318	304	211	row4
X	304	314	-	X	X	317	314	303	X	row4
X	314	404	-	304	X	311	314	307	317	row4
-	-	310	307	310	226	225	-	302	301	row4
-	218	209	307	314	408	215	301	317	331	row4
211	311	223	331	303	226	301	315	302	303	row4
-	-	310	302	223	321	302	302	323	321	row4
314	210	-	304	303	224	305	302	224	307	row4
218	314	304	302	229	212	229	314	302	229	row4
X	-	215	321	X	X	314	314		X	row4
X	314	223	222	305	X	225	314	304	318	row4
-	-	301	-	310	302	314	301	314	308	row4
308	323	303	226	225	318	304	311	211	229	row4
229	317	322	212	-	302	308	304	229	314	row4
-	315	307	301	222	-	229	314	328	314	row4
229	308	223	316	304	-	226	217	328	208	row4
223	217	314	311	229	-	321	308	304	226	row4
X	-	307	311	X	X	301	215	229	X	row4
X	309	309	301	306	X	223	222	323	319	row4
-	422	229	-	422	318	314	211	311	308	row4
303	222	321	309	321	-	317	229	215	-	row4
-	302	-	318	308	304	323	223	318	-	row4
314	222	328	408	310	223	-	314	323	-	row4
311	314	224	229	308	411	311	229	311	-	row4
222	224	310	-	-	308	331	318	-	-	row4
X	303	307	307	X	X	314	321	-	X	row4
X	229	307	307	307	X	303	308	222	320	row4
226	314	317	314	304	-	322	330	-	-	row4
211	314	212	308	404	308	303	301	331	224	row4
301	318	302	304	315	309	321	315	303	-	row4
-	211	229	304	321	229	321	229	328	222	row4
-	316	219	-	311	303	321	302	321	330	row4
225	302	304	304	301	316	309	321	229	321	row4
X	-	304	317	X	X	309	323	311	X	row4
X	222	223	422	308	X	317		325	321	row4
407	311	-	-	-		304	316	328	318	row4
303	325	-	308	212	315	223	219	311	323	row4
314	303	-	315	314	415	317	307	314	315	row4
301	229	304	321	222	329	303	311	302	325	row4
323	-	317	321	218	304	317	321	217	-	row4
229	314	224	304	-	217	302	314	328	309	row4
X	307	-	328	X	X	224	314	323	X	row4
X	229	318	229	309	X	310	325	307	322	row4
314	331	316	222	314	-	321	307	314	315	row4
314	309	309	309	318	303	303	316	321	331	row4
308	307	318	301	325	318	314	314	310	314	row4
304	307	311	314	314	222	222	321	303	321	row4
303	317	314	-	314	311	314	301	322	315	row4
201	314	314	222	-	229	224	303	304	314	row4
X	308	318	328	X	X	225	328	225	X	row4
X	314	210	314	310	X	309	-	229	323	row4
225	-	321	-	222	427	218	309	303	307	row4
224	-	318	229	-	307	224	316	308	303	row4
311	-	229	304	316	308	323	307	307	316	row4
208	317	304	314	222	224	301	-	304	314	row4
224	310	314	309	408	309	314	315	318	314	row4
-	328	308	308	308	-	314	323	316	318	row4
X	321	215	304	X	X	222	314	308	X	row4
X	321	308	321	311	X	308	422	311	324	row4
302	-	226	314	304	328	303	314	303	223	row4
310	318	328	314	318	302	226	222	315	303	row4
308	-	314	315	225	314	308	303	311	307	row4
314	308	302	-	308	216	328	322	323	307	row4
222	224	302	215	307	215	311	301	211	225	row4
318	-	229	303	308	-	314	321	211	314	row4
X	216	316	404	X	X	307	307	-	X	row4
X	307	303	212	312	X	223	325	226	325	row4
318	316	-	303	304	-	-	304	304	226	row4
315	321	-	304	304	302	212	-	314	218	row4
223	309	314	317	404	301	229	323	314	328	row4
223	325	304	314	308	407	304	307	304	316	row4
-	308	211	-	318	211	325	302	314	301	row4
314	-	325	308	314	304	318	223	304	229	row4
X	314	309	303	X	X	229	311	302	X	row4
X	321	215	321	313	X	314	318	208	326	row4
303	325	307	223	315	208	222	316	208	308	row4
223	307	308	301	314	314	208	210	309	309	row4
309	322	317	302	316	308	314	212	311	303	row4
223	-	225	314	303	321	311	225	315	311	row4
-	215	225	222	229	311	304	314	328	225	row4
309	314	315	314	303	314	223	303	301	316	row4
X	303	315	314	X	X	217	318	301	X	row4
X	303	211	119	231	X	328	316	316	240	row4
308	318	314	404	301	304	311	329	308	323	row4
328	303	202	-	-	314	301	309	323	404	row4
304	-	314	422	308	318	-	308	-	-	row4
308	314	314	317	301	321	422	322	-	308	row4
325	318	203	-	229	229	328	-	-	-	row4
-	-	-	229	-	-	222	-	-	-	row4
X	-	307	-	X	X	215	325	321	X	row4
X	303	308	308	232	X	310	325	314	241	row4
303	308	-	-	-	222	-	317	301	222	row4
223	325	404	304	-	229	314		215	-	row4
309	301	318	318	224	404	229	316	325	318	row4
-	-	318	-	-	314	215	-	308	323	row4
-	-	226	-	314	-	321	316	318	-	row4
-	304	226	301	-	304	222	224	318	325	row4
X	-	314	301	X	X	-	215	303	X	row4
X	308	329	330	233	X	302		316	242	row4
318	316	-	-	-	303	311	217	222	316	row4
-	224	-	321	308	303	223	303	222	215	row4
212	-	311	222	-	321	322	216	314	317	row4
328	316	304	222	308	304	303	328	311	309	row4
229	302	309	321	-	301	303	303	208	308	row4
316	308	-	328	-	309	308	406	-	-	row4
X	-	229	328	X	X	307	303	323	X	row4
X	317	330	307	234	X	229	321	331	243	row4
222	-	314	226	-	309	325	321	-	-	row4
314	212	301	301	225	321	316	330	328		row4
303	-	301	304	311	303	323	314	310	212	row4
318	315	314	-	303	229	215	425	323	211	row4
316	-	-	321	208	-	328	321	315	303	row4
407	322	212	303	215	310	321	222	222	215	row4
X	314	-	-	X	X	307	404	-	X	row4
X	219	302	222	235	X	314	314	308	244	row4
314	311	314	307	314	307	422	-	-	404	row4
229	318	321	-	318	-	330	325	224	406	row4
413	307	-	308	212	331	223	-	-	308	row4
301	-	404	302	303	408	318	314	314	314	row4
328	303	-	308	311	314	325	316	-	329	row4
321	308	311	314	311	-	314	-	-	323	row4
X	311	314	229	X	X	222	317	-	X	row4
X	512	328	309	236	X	322	315	317	245	row4
328	222	314	314	309	-	218	406	314	422	row4
310	317	318	317	211	-	-	318	314	309	row4
314	315	317	314	212	-	317	316	314	303	row4
321	-	-	-	303	-	-	322	302	331	row4
315	225	315	226	212	-	-	406	208	308	row4
303	-	215	308	222	-	303	422	323	315	row4
X	321	225	315	X	X	-	323	223	X	row4
X	308	229	-	237	X	215	314	314	174	row4
215	-	-	408	316	411	314	328	310	314	row4
314	304	-	328	308	314	328	-	-	317	row4
222	308	314	323	301	215	229	-	308	325	row4
-	303	411	316	226	224	314	330	323	325	row4
-	222	-	308	307	301	331	302	322	314	row4
308	413	314	-	224		321	328	314	317	row4
X	-	325	316	X	X	309	215	303	X	row4
X	309	317	224	238	X	314	318	309	175	row4
404	321	321	314	321	308	224	309	215	309	row4
304	301	321	311	229	315	302	-	408	321	row4
301	225	222	331	321	318	404	222	226	308	row4
314	321	-	309	308	311	404	317	225	303	row4
315	330	-	-	225	-	314	314	302	304	row4
224	229	321	225	-	-	311	325	314	314	row4
X	315	314	314	X	X	331	222	311	X	row4
X	317	-	314	239	X	314	317	308	176	row4
212	303	-	321	317	329	-	224	314	223	row4
-	309	318	328	302	119	304	-	308	229	row4
314	314		-	-	303	329	315	308	315	row4
308	309	315	304	223	318	311	314	309	406	row4
-	-	308	404	303	321	229	302	317	315	row4
315	311	-	-	-		309	328	308	224	row4
X	321	314	317	X	X	229	311	229	X	row4
