"","id","latitude.x","longitude.x","kgroup","X6.5","X14.5","X18.5","X20.5","X22.5","X25.5","X27.5","X29.5","X32.5","X34.5","X36.5","X39.5","X42.5","X47.5","X49.5","X53.5","X57.5","X62.5","X69.5","peakday","peakvalue","endday","endvalue","lm.r","lm.a","lm.b","exp.r","exp.a","exp.b","pol.r","pol.a","pol.b","pol.c","pol.d"
"1",159,47.35,3.93333,9,2333.5,11580.25,36988.5,57303.75,88158.75,138551.75,165092.75,197452.75,213687.5,220724,229654.75,234887.25,183333.75,84843.75,42676,10843.25,2801,1105.75,3.5,37.75,242046.25,69.5,3.5,0.670347638167384,492993.834481023,-7992.91060771886,0.824227201614202,28.1265565393879,-0.392776668413287,0.94818749936819,3196218.97195746,-134955.340165123,1852.22778568518,-8.21842311397813
"2",265,44.65,-1.16667,9,1127.4,7040,21923.6,35774.4,49393.2,76817.8,80307.4,85194.6,90976.2,99257.2,98496,80508.2,55351.2,22594,18031,6505.4,5136.4,3507.8,277.2,36.7,113286.2,69.5,277.2,0.644868148365242,204614.261713604,-3342.76593802617,0.719129090655,21.407712821363,-0.250096562065555,0.947437870938393,1529835.04591226,-73438.0971213635,1178.88684873064,-6.31475965132813
"3",763,42.3,74.3667,7,2359.4,13561.2,34405.6,47422.4,59380.2,61833.4,72642.4,59266.6,59625,58617.4,59987.2,54237.4,39241.6,16241.8,10497.2,1268.6,140.2,123,10,29.5,97936.6,69.5,10,0.579954548843997,157086.539986178,-2639.99438189488,0.84657143648599,20.6976310432889,-0.277467647334342,0.851602102965469,836812.827626264,-38530.1362176433,590.194777154768,-3.00860640533424
"4",765,42.1833,73.4,7,1389,14005.6666666667,43632.3333333333,64034,91664.6666666667,110530.666666667,111466.333333333,117059,110193.666666667,112638.333333333,125712.666666667,112739,116186.666666667,96255,71094,26230.6666666667,8647.66666666667,5184.33333333333,385,30.5,149756.666666667,69.5,385,0.865793529759957,298737.633289967,-4632.12942219555,0.809944489694111,19.266887952741,-0.207573560122431,0.905487636300574,-842588.79813869,66667.579518588,-1448.15201952906,9.54589738084177
"5",766,42.5833,73.6333,7,865,10409.5,28443.5,38789.8333333333,60742.8333333333,90776.8333333333,109289.333333333,129177,153949.333333333,165699.666666667,168023.666666667,159174.333333333,144676.5,69641.5,51652.8333333333,11672.3333333333,269.333333333333,262.166666666667,59.3333333333333,38.1666666666667,178996.333333333,69.5,59.3333333333333,0.693872627099132,394165.85925481,-6366.03554135631,0.80998712569162,29.2938435348946,-0.417889381935133,0.911511866931403,23523.9408568117,28425.4626060797,-926.568441804581,7.39253121099859
"6",768,42.8,76.35,7,2817.28571428571,8795.28571428571,29464.1428571429,44371.2857142857,60622.1428571429,97640.7142857143,118961.142857143,132431.428571429,131677.285714286,141891.428571429,143629.142857143,137912.285714286,112170,40038.5714285714,26801.2857142857,14782.8571428571,9039.14285714286,2585.14285714286,NA,33.0714285714286,165081.142857143,67.5,1392.57142857143,0.472973432478061,325893.580278044,-5369.07634898506,0.657340789469327,21.1438897509682,-0.264786370368829,0.798225724619319,1039709.723508,-34184.6795439661,280.440058293856,0.0125281739588693
"7",772,37.35,72.4667,7,959.5,7234.25,19755.5,24082.5,35090.5,42430.5,49032.5,53107.25,59016.75,60663.5,60381.5,64767.5,55827.5,29228,16432.25,2621.25,471.75,60.5,85.5,34.75,73180,69.5,85.5,0.652946817667319,149367.502679848,-2428.90800339794,0.872546543730308,22.8796952208904,-0.308858290933726,0.929199440213403,649751.272653396,-24237.1610470145,275.744056408643,-0.881761924513559
"8",5151,52.2,-1.7,1,1461.71428571429,10501,32276.7142857143,44573,62333.8571428571,99480.2857142857,117585,134579.571428571,153794.857142857,153878.428571429,159576.857142857,169125.857142857,160485.714285714,69696,57872.5714285714,16029.5714285714,7320.42857142857,5761.85714285714,869.428571428571,38.0714285714286,184188,69.5,869.428571428571,0.730790567983717,418066.0374,-6696.11552433258,0.907766501563964,24.7505406097477,-0.316600344205435,0.90033451957596,2075567.09740577,-75789.4437598373,828.419898081836,-2.39068777674899
"9",5165,51.3,0.4,9,2142.75,9005.25,29074.75,45810.5,69952.25,105187.5,126384,155395.5,175426.75,169503.25,172176.75,152457,118114.25,57285,44223.75,7091,4131.25,2561.75,112,35.75,185207.75,69.5,112,0.74077951043761,351077.364042128,-5678.30549672441,0.882563591907536,22.8548985318647,-0.2737189193587,0.935797694976559,1860079.83693563,-78034.3128563608,1071.57871318999,-4.79891060531955
"10",5768,54.1,-1.5,9,2064.75,6841,24482.25,36073.5,51340.75,90615.75,102648.5,110597.75,126591,137741.75,142751.5,158157.75,151942.5,72428,40092.75,6048.5,2326.25,548,115.75,38,168618.25,69.5,115.75,0.527089962596949,343176.366809357,-5518.86965419842,0.844533535861243,21.8261332470449,-0.246451148163515,0.809781655947046,3553451.80437538,-163118.71327878,2484.94215549072,-12.5666716313375
"11",5772,54.1,-2.3,9,4050.33333333333,15318,47100,77806.6666666667,112610,150314.666666667,173302.666666667,180525.333333333,188396.333333333,162675,175448.666666667,158443.666666667,93583.3333333333,14835.6666666667,12227.6666666667,5419.33333333333,1721,770.666666666667,153.666666666667,32.1666666666667,192956.666666667,69.5,153.666666666667,0.742144257709077,360913.15109347,-6010.37445061495,0.926751388494141,22.3684367359134,-0.290896971268797,0.911726294590833,817332.203875951,-20797.6702820877,15.8251640633205,1.66726735037038
"12",5784,56.4,-5.2,9,1308,7482.42857142857,20376.5714285714,31021.7142857143,46331.7142857143,78174.5714285714,93353,117449.714285714,128311.714285714,131731.142857143,133988.714285714,122580.857142857,100892.285714286,34487.1428571429,28322,12711.2857142857,4131.71428571429,3331.71428571429,798.571428571429,36.3571428571429,151430.857142857,69.5,798.571428571429,0.701506465717767,313105.070493383,-5093.41826372398,0.843569606327938,22.71941702192,-0.288633473452619,0.920774459867158,1651861.53049112,-67757.9331179517,894.466710671504,-3.7490741600399
"13",5811,52.9,-3.1,9,1050.85714285714,12962.7142857143,36923.5714285714,50026.7142857143,69830.4285714286,86511.4285714286,90861.4285714286,79030.5714285714,71453.2857142857,68859.8571428571,71810.4285714286,56722.2857142857,41825.8571428571,13165.4285714286,4008.14285714286,2951.28571428571,1927.85714285714,1633,160.857142857143,31.6428571428571,99360,69.5,160.857142857143,0.406051536567178,162843.804747348,-2724.10558123094,0.648902495305844,17.8831001859729,-0.264004988153795,0.787628648115664,1148947.69090733,-56018.9252803847,909.98122104891,-4.91856548057834
"14",6025,62.6437,17.7339,11,2818.625,14055,30282.625,NA,49494.125,68498.75,82150.25,93593.125,107812.625,107294.75,115715.5,115467.625,109342.625,84305.25,72797.75,54024,19054.625,8745.125,758.75,34,133167,69.5,758.75,0.788736376138818,289830.44426347,-4398.20668336363,0.796548409968751,19.0747325889395,-0.193665034868522,0.927012796360409,-139093.435244962,25877.5146019399,-669.239826144596,4.68655628182917
"15",6040,55.66,13.4,6,359.75,4635.5,15948.25,NA,43991.75,84706,110521,148591.5,180583.25,200254.5,214021.25,200207.75,168897.75,114571.5,37018.5,6242.5,4806.25,2500.25,123,38.75,218969,69.5,123,0.666613053633195,471213.141099476,-7608.11788867279,0.923492462112262,26.5633283223307,-0.343621104622509,0.874028469768546,1699019.19747646,-55575.5254497034,470.083395475324,-0.30297346679465
"16",6073,56.1481,15.8155,3,1210.57142857143,10723.1428571429,34746.8571428571,46759.2857142857,63648.5714285714,109421.142857143,133631.714285714,150674.428571429,165568.428571429,177007.571428571,182272.428571429,199158,201639,121842.428571429,69399.5714285714,26659.1428571429,11157,6025.28571428571,161.714285714286,41.2142857142857,207380.285714286,69.5,161.714285714286,0.679596673454834,468856.398181268,-7403.61061653878,0.845170729662669,26.8722367868242,-0.33617968074933,0.90791203089174,2521861.04134272,-96837.0533039626,1177.61695884307,-4.39804560266231
"17",6074,56.4573,16.1408,3,1628,8990.42857142857,25554.8571428571,37424.4285714286,51991.5714285714,77780.4285714286,86765,85741.2857142857,90543.5714285714,98367.4285714286,105653.571428571,108492.714285714,114956.142857143,68847.2857142857,29044.2857142857,8911.42857142857,3433.28571428571,1235.14285714286,NA,34.5,140222,68.5,864.571428571429,0.53702545629209,317726.574121861,-5209.62836943848,0.843685264944994,21.9817857309015,-0.298856926029792,0.87753709976754,3830905.46481783,-180891.375268686,2852.60627953332,-15.0410658806619
"18",6108,55.7989,13.1206,1,2279,16280.6666666667,40631.1666666667,52954.8333333333,68721,99416.8333333333,108813.166666667,115529.833333333,127731,126185,132543.833333333,130147.5,121489.833333333,43000.5,38485.1666666667,14527.6666666667,3031,873.833333333333,244.666666666667,34.6666666666667,151753.5,69.5,244.666666666667,0.713906671053735,331331.778899732,-5373.13100366723,0.830449287178383,22.4363991395637,-0.288604353647694,0.888472830817603,-938776.872570584,74749.6295662766,-1670.04599780459,11.3704034299141
"19",6145,55.9497,13.5533,6,187,5275.5,17156.5,21956,29627,41871.5,51728,66056.5,72545.5,64284,59586.5,62706.5,63320.5,35936,33293,29013.5,21914,95,0,36,97783.5,69.5,0,0.594680599916736,178072.82536919,-2767.44539052922,0.782353289431927,25.9593389052174,-0.380255740685917,0.877447295736493,990284.567934222,-46888.7163495219,773.099929115214,-4.37739765406555
"20",6150,55.9261,13.5319,6,1573.6,8400.6,22376,31075,39666.8,61427.4,81829.4,101217.6,114493.4,113533,119871.4,116498.4,118516,106676,80111,38093.4,14282.8,7695.8,695.8,38.3,148334.4,69.5,695.8,0.696711288097569,334403.728464659,-5162.17566536256,0.852833636560642,21.6709576249159,-0.248751432190697,0.911779111083035,1039158.06691262,-28363.9277968694,148.472237784186,0.642466391313022
"21",6151,55.6528,13.2244,3,1673.2,12444.8,33350.6,48636.4,66152.6,85616.2,133649.2,153551.6,173250.6,187058.4,200957,207023,206338.4,122023.4,81054.8,34213.6,21591,9386.6,1752,37.7,218221.2,69.5,1752,0.621108173660971,461451.439031243,-7184.44855100187,0.799213412487059,21.1728170088599,-0.211057443415127,0.861149914817797,2539435.86433837,-101441.349931305,1329.63459671768,-5.68754069556542
"22",6177,62.6322,17.69,11,3850.5,15432,41094.25,55727.25,79576.5,118063,134418,145679.75,142629.5,141639.25,144824.25,149978.5,140518,86514.5,52525.75,19948,13569.75,6343.75,NA,35.75,167268,67.75,1312,0.594202975561288,381871.842123313,-6191.32350180949,0.649642919154409,19.8117290447442,-0.200873521566796,0.883486291786247,-163227.114654724,40451.9579323075,-1187.43791767886,9.32459794047537
"23",6180,62.6322,17.6906,9,3500.83333333333,8523,24914.6666666667,37645,49480.6666666667,72909.3333333333,92714.1666666667,104775.833333333,121473,133916.166666667,136625.333333333,139676.833333333,132592.5,73505.8333333333,42400.8333333333,6493.83333333333,1554.33333333333,805.833333333333,NA,39.1666666666667,143131.166666667,68.3333333333333,600.166666666667,0.739756159861129,344627.481733189,-5608.01705151721,0.861994454247083,26.3082881981618,-0.345419391236244,0.918107677463993,540630.768344656,235.83471111502,-432.004993387017,4.59238861396419
"24",6184,62.8892,18.4522,11,1792.42857142857,11459.4285714286,33954.2857142857,46543.2857142857,62505.1428571429,91326,108708.571428571,111944.571428571,123694,132478,138890.714285714,138652.142857143,124027.714285714,79456.2857142857,51884.1428571429,9088.14285714286,2955.42857142857,1900.28571428571,184.428571428571,36.5,155244.428571429,69.5,184.428571428571,0.691628764405873,338755.034780692,-5432.02396074641,0.851500698555816,22.0720351702312,-0.270433084959803,0.904013815839097,-15880.4000348345,26362.0148202,-821.779463761313,6.4242062766363
"25",6195,55.7708,14.1342,3,2370,10906,30691,53902,94428,180453,203016,193673,234554,240111,248463,253419,214789,38773,35922,9192,1469,960,NA,39.5,253419,62.5,960,0.69510176209193,653973.568574514,-11413.5914326854,0.964457401510069,23.389918788468,-0.268565323908271,0.920988889229182,4682439.44408112,-210263.471456791,3059.99120635127,-14.2906433412942
"26",6209,62.8836,18.1842,11,752.75,13129.5,36826.25,46538.75,56056.75,83522,94758.25,101778.5,112745.75,116471.25,117757,126440,117875.75,76554.75,51582.25,24753.5,6556.75,2384.5,135,37.25,140002.75,69.5,135,0.597483236357746,323727.048701542,-5123.63028685769,0.737899669080414,20.1199062466361,-0.211354478771567,0.850568207371052,1845656.21018534,-72187.3037564003,903.950353006556,-3.55422525578566
"27",6216,63.0167,18.3283,11,2122.66666666667,10244,26142.3333333333,34451.8333333333,42278.5,46265.1666666667,54238.1666666667,62743.3333333333,75195.3333333333,79252.8333333333,87394.5,93925.3333333333,88000.6666666667,58113.1666666667,42587.8333333333,22240.5,8970.16666666667,1202.16666666667,65.3333333333333,33.3333333333333,107289.333333333,69.5,65.3333333333333,0.720798390580521,224668.342241896,-3520.08278483399,0.756555067333722,21.4807636642227,-0.256448564935947,0.854483349084401,-5706.05222703161,15391.263660141,-464.192132246637,3.50848307770398
"28",6243,56.27373,13.90045,2,1394.33333333333,6174.5,22190.8333333333,36619.6666666667,54912.1666666667,94835.6666666667,122945.166666667,142260,161026.333333333,162753.5,164908.333333333,156652.333333333,94477.8333333333,30866.6666666667,12269.8333333333,785,100.333333333333,66.6666666666667,8.66666666666667,34.5,177359.5,69.5,8.66666666666667,0.533439683064379,329391.580995338,-5457.90439155798,0.779707977271808,25.2116010700426,-0.367439499061625,0.831605511064495,2751447.5930431,-129227.414255924,2006.27786673915,-10.3032813293001
"29",6244,62.9169,18.4728,11,1286,8418.5,29114.75,41095.25,66646.75,94972.75,109675.5,123977.5,139487.25,148734.75,155451.25,159645,140164.5,111182.25,78527.25,8204.25,2603.5,1284,145.25,40.25,164415.25,69.5,145.25,0.624289139231428,398226.060957886,-6330.70890514177,0.896415905494685,24.6568532648727,-0.308295525724683,0.865651634649988,-473189.4988524,59548.5961697114,-1529.56829711892,11.1041715268908
"30",6898,51.2167,4.4,9,3587.28571428571,16492,41050.2857142857,53358.1428571429,65979.8571428571,75840.7142857143,90073.8571428571,104393.285714286,93981.8571428571,98160.7142857143,109327.142857143,100387.142857143,74774.8571428571,42180,31255.4285714286,11618,7895.28571428571,1873.28571428571,217.142857142857,33.2142857142857,139733.571428571,69.5,217.142857142857,0.677660099848769,258782.681337897,-4194.26551528862,0.83219612045241,23.1156327578208,-0.30090906887548,0.916881974202094,776403.44132045,-27844.2152602938,305.776821758048,-0.945658635885465
"31",6911,15.1111,-23.6167,5,2019.57142857143,12779.2857142857,30892.2857142857,44960.8571428571,59990.1428571429,97035.2857142857,108662.571428571,127081.714285714,132881.285714286,131571.714285714,134688.571428571,129959.285714286,99169.5714285714,44069.7142857143,24120,6015.14285714286,3016.42857142857,1047.42857142857,9.14285714285714,37.2142857142857,152645.285714286,69.5,9.14285714285714,0.595666548180473,297893.482151574,-4858.49641262365,0.855055974817707,27.6812796245362,-0.403659712650855,0.887492960091901,1581948.27815584,-66847.9421740911,922.360227396313,-4.13923865827192
"32",6915,50.3,6.3,9,5336.33333333333,25105.3333333333,74190.3333333333,106301.666666667,141692.666666667,186623.333333333,215190.666666667,227184.333333333,243169,215307.666666667,187554.666666667,129644.666666667,80882,25941.3333333333,22746,4905,642.333333333333,282.666666666667,12.3333333333333,34.8333333333333,243772.333333333,69.5,12.3333333333333,0.640371109804238,396235.759404713,-6632.22383863616,0.920841608327515,25.3629567639323,-0.346833464592235,0.980528001447767,3588631.46449902,-179005.751234747,2964.41894919841,-16.2876478337038
"33",6929,38.48,68.49,7,1753.75,4359.5,13203.75,17975.75,29658.25,69923.75,92283.25,112902.5,127586.25,140663,151523,158487.25,151500.5,81344,48749.25,28850.5,13110.5,3093,NA,43,170781,67.75,3072.5,0.73704380679216,458480.319266579,-7353.64941737591,0.884746888640583,29.2952937795809,-0.397356629640608,NA,2242524.59506957,-87462.8366352757,1098.71161541337,NA
"34",6938,55.7522,37.6322,7,2099,11860.2,39106.6,56591.8,69605,107369.8,131292.6,143207.8,153519.4,163591.6,168775.4,179917.6,170132.6,107828,92983.6,58158.4,32689.8,9138,4163.6,42.1,193297.8,69.5,4163.6,0.797327639313835,480401.980101839,-7424.46134010893,0.902433058255427,21.2302959697967,-0.208199353710534,0.956834362334895,-2962233.64326589,184247.413148924,-3555.68219887667,21.8613019637106
"35",6940,50.3,8.3,9,2046.33333333333,8878,26658.8333333333,35346.3333333333,45756.1666666667,53351.8333333333,61865.6666666667,64396.6666666667,54234,59365.3333333333,69460.5,62251.3333333333,51886.5,30499.1666666667,24855,11431.8333333333,4718.16666666667,1966.16666666667,226.333333333333,29.6666666666667,82563,69.5,226.333333333333,0.811501992253785,144859.968492855,-2289.35449013005,0.774743058549054,17.5201954192195,-0.178748872612271,0.911193823536142,191341.470909574,-1344.17188510619,-91.8190787752292,1.03015801084749
"36",6945,52.24,4.45,9,2799.42857142857,8345,28128.2857142857,42656,64513.2857142857,101248.714285714,122921,157141.857142857,185158.285714286,196714.714285714,200852.714285714,195349.857142857,145271.571428571,63965.2857142857,34165,13078.1428571429,4076.42857142857,2111.14285714286,68.4285714285714,36.9285714285714,206719.142857143,69.5,68.4285714285714,0.703613671215327,427817.632467856,-6952.09238283432,0.884800948539527,25.3396874517199,-0.328591879991494,0.917319085301698,1386873.36463935,-44794.7696380263,362.288227131349,-0.0534041784867022
"37",6958,46,3.3,9,3931.5,25272.75,53955,54578,72089.75,77278,85682.75,78371.5,95260.75,98997.25,102175,107999.5,75047.75,42245.75,36982,15270,6848.25,1540.5,NA,28,128589.75,67.75,1025.25,0.509754803948498,207021.278315216,-3246.52350383334,0.548933837168657,17.8619144968727,-0.181719182994346,0.7828827597814,1228975.26795863,-60113.0528060085,1033.59812349028,-6.18799920751426
"38",6961,38.3333,-3.53333,10,2319,10812.25,30504.75,41858.5,65330,115492.5,131950.5,153856.25,190798,197894.75,204375.25,190380.5,152514.75,25189.5,16623,4994.5,2311.75,1526.75,242,37.5,207521.25,69.5,242,0.586472849814987,404955.880464802,-6665.90998388847,0.917372649833247,22.4662984841387,-0.261762980758364,0.892571086256939,3614663.28151771,-169450.111450675,2625.65356862275,-13.4543148433601
"39",6963,38.35,68.48,7,3463.25,11878.25,30449.5,54632.5,84756.75,119578.5,137015.75,180508.25,178365.25,155631.5,164609,137606.5,96812,7042.25,5255.25,595.75,161.25,13.75,NA,31.25,184200.75,67.75,8.75,0.720625341959589,355598.030260729,-6074.08019012869,0.884692261539413,23.8519358980559,-0.333686016130558,0.893292326299264,249805.301305219,16487.3413376916,-794.643695123546,7.44036534723551
"40",6979,47.25,8.26,2,1265.4,6659.2,21290.8,30960.2,39228.6,46252.6,50918.8,57892.2,48830.2,45916.4,49281.2,45308.8,33744.8,12950.2,8165.2,1105.2,109.4,131.4,52.6,33.7,64751.6,69.5,52.6,0.645986478410287,113118.857906987,-1868.59823638909,0.806131252658401,20.4051404899859,-0.259751702375143,0.816427792162899,116447.524726567,1108.0010096433,-127.759381723941,1.26705730635961
"41",6987,48.0683,7.62551,9,2223.83333333333,9606.16666666667,27286,40547,61593.5,74561.8333333333,88325.5,91537.3333333333,104229.666666667,108566,112000.833333333,112752.666666667,91286.3333333333,40567.8333333333,21219,2760,734.666666666667,441.333333333333,112.333333333333,37,120373.666666667,69.5,112.333333333333,0.66147882507599,245469.100035011,-3994.28755382165,0.86193384291033,22.6579579058577,-0.283125767930486,0.9254901353306,1626201.00057026,-68299.5705784265,927.532989985803,-4.04119618497728
"42",7000,50.9167,9.57073,9,1974,11907.4285714286,31241.4285714286,46055.4285714286,66865.2857142857,100400.571428571,109391,118451.428571429,125842.285714286,128005,130857.142857143,121011.285714286,97107.7142857143,19943.8571428571,12006.1428571429,2343.42857142857,1443.14285714286,920.285714285714,231.142857142857,32.2142857142857,135275,69.5,231.142857142857,0.643484578456757,280545.397341617,-4632.92381121205,0.871935404363658,20.9223876786785,-0.277281255508726,0.863903478293223,431626.27080509,-2692.4928540785,-262.044260168209,3.06267663118119
"43",7002,51.3333,6.1,9,1932.5,15496.875,37798.625,NA,72665.125,90650.875,124851,129515.75,151035.625,160601.875,167630,162764.75,131641.75,60006.5,44177.375,16702.25,6028,4264.625,NA,35.75,179594,68.625,694.5,0.589101645967085,370078.341461733,-6019.22925909782,0.794604776955994,22.0405554752599,-0.256293909074839,0.851043021740905,2118738.42961622,-88529.8033779295,1195.25728636032,-5.12144088107244
"44",7003,47.5,7.5,9,2659.5,18955.75,46338,59432.75,71330.75,85082.5,118651.25,115398,127335.5,127855.25,137372.25,130230.75,82147.5,18832.75,10329,2366,933.75,771.5,324.5,32.5,148660,69.5,324.5,0.715896902126792,279703.971412271,-4634.63635590984,0.880915488275474,20.277463216512,-0.236884520218926,0.893776917676484,1060434.83414402,-38393.4513426255,398.113947117206,-0.922687818292694
"45",7008,52,5.675,9,1262.66666666667,9902,27713.6666666667,NA,65917,103473.5,122710.666666667,138315.5,157633.166666667,170361.166666667,178307.5,175926,127824.666666667,50271.1666666667,36129.3333333333,19264.1666666667,9437,3431.66666666667,NA,39.8333333333333,184032.833333333,68.3333333333333,3116.33333333333,0.676413960625898,397422.245066177,-6475.83315531634,0.903031858272018,21.6315483940282,-0.238708321198386,0.9049837696941,1268086.7484886,-41854.6057614954,349.107812975951,-0.0616735078975508
"46",7013,52.4584,13.287,3,2424.85714285714,8979.14285714286,25962.1428571429,37820.2857142857,54346.2857142857,71933.2857142857,76956.8571428571,80298,91571.2857142857,99402.8571428571,104418.428571429,111687.714285714,107917.142857143,70425.5714285714,46729.7142857143,15163.8571428571,3955.28571428571,1671.42857142857,NA,37.3571428571429,125002.714285714,68.5,522.571428571429,0.660336663713081,305473.792716133,-4922.24714275681,0.792744469108674,22.7716857858181,-0.284956481342527,0.850349313126848,-1110028.31556994,86552.6384916601,-1926.8730176769,13.1886934532238
"47",7025,44.5041,11.3396,2,1865.6,12460.6,30607.8,NA,58801.4,91987,110281.2,117972.8,118025,129993.2,145429.8,146271.4,109045.4,50720.6,41935,18716.8,10510.2,2730.8,375.8,37.5,171777.8,69.5,375.8,0.648481837018281,332975.090370493,-5354.1170994075,0.838278106765645,23.0102050851927,-0.267334897481055,0.870190295068463,1417749.14848926,-58153.868989261,787.59758379268,-3.51485268049759
"48",7028,49.5166,9.3166,9,3623.4,7482.6,26685.4,NA,59361.2,93965.4,111219,111724,111588.6,121609,130006.4,127224,116425.6,67795.4,46658.2,7039,3061.8,543.4,153.2,34.7,150286.8,69.5,153.2,0.591323819992815,295021.980029959,-4713.43345308288,0.711079826711467,23.4783942635867,-0.289779145422246,0.783326228366335,1443929.71044004,-55433.7950672107,672.709786274385,-2.50291179013472
"49",7031,50.0167,8.6667,9,3092,11134.25,35562.5,49846,61894,85086.75,95499,101522.25,90205,93151.25,102129.75,115640,120682.5,64435.75,53205.5,14227.5,2635.5,623.5,NA,39.75,125640,67.75,524.75,0.722841800561377,328428.373339397,-5342.29590027634,0.833330172807697,26.9666697245504,-0.349435308093626,0.884161787547636,-2871691.71852891,192031.617790545,-4001.94978256835,26.6135045200464
"50",7036,50.5,9.5,9,590.333333333333,1966,6414.33333333333,8679.33333333333,12400.3333333333,25267.3333333333,41982.6666666667,76561,102635.666666667,117289.666666667,123517.666666667,119275.666666667,99406.6666666667,39219,22002,701.333333333333,197,35,8.33333333333333,35.8333333333333,124545.333333333,69.5,8.33333333333333,0.760001673886906,267731.593222953,-4371.94667102336,0.818498147087883,26.5250965336505,-0.376462668278113,0.929842139765178,264110.802305832,6605.16198348519,-423.642049130539,3.95621403981682
"51",7062,50.2981,8.26607,9,3607,10007.6,33045.8,50358.6,76530.2,108224,121820,131347.6,147089.4,155495.4,158282.4,163709.4,155094,82563,68089.8,31717.8,12254.4,8033.2,NA,36.7,173369.6,68.1,514.8,0.708613778058847,426366.443636362,-6866.31598749094,0.837557003216032,22.6453450046636,-0.275582957491698,0.930853070444659,-486523.824429874,59601.1106111498,-1540.42722973793,11.3871508559316
"52",7063,29.2144,-13.4811,5,245,5867,16861,25253,26738,29676,26718,8658,616,164,1683,17532,9465,11232,12007,11153,1098,465,222,25.5,29676,69.5,222,0.216173668023057,25689.1554036171,-376.577591530657,0.124468512209069,10.6830693549429,-0.0584568554470202,0.352114963819911,235257.121948631,-14837.5589679046,313.389617949791,-2.15150937263679
"53",7071,48.0717,1.33867,9,2124.42857142857,9616,24905,40279.8571428571,56014.1428571429,74695.5714285714,95629.2857142857,113555.571428571,123043.571428571,123169.285714286,124486.571428571,114025.857142857,84778.7142857143,18999,4064.14285714286,650.571428571429,258.571428571429,170.857142857143,105.428571428571,35.2142857142857,136850.714285714,69.5,105.428571428571,0.621825319723271,258183.167807476,-4287.53992594092,0.769602061371278,24.0892704064933,-0.336426461386606,0.870086849828907,1914519.04460769,-87611.8887958363,1317.95164195835,-6.51978915354542
"54",7077,40.12,-8.25,8,2779,10701,31864,47409.3333333333,77881,106318,120922,136881,141167,141219.333333333,146485.333333333,148027,112054.333333333,48898,40291,26044.6666666667,6101.66666666667,5891,369.333333333333,35.8333333333333,165488,69.5,369.333333333333,0.800779772740719,372035.952117983,-6000.23657221776,0.878186171836129,22.5550633763474,-0.271345518626892,0.903865483209142,-1006660.89311402,81145.7748017383,-1819.75775740917,12.4101199806537
"55",7092,49.416,2.823,1,671.4,6066.2,16226.8,21798.6,35352.6,65303.6,78762.4,97528.6,116238.4,124055.2,124729,118947.6,78571,47871.4,41636,8106.6,5382.8,3016.8,NA,35.1,151916.4,68.1,3063.6,0.567492866133585,376468.791676883,-6262.92330254828,0.65559582079586,18.6867532525822,-0.222345320938232,0.824448273271542,875545.16242581,-13917.4743728349,-276.008319717088,4.38807337305188
"56",7106,51.051,13.7336,2,3544.33333333333,8959.33333333333,31656.3333333333,47133.3333333333,63526.3333333333,97640.3333333333,124508,149970.666666667,172303.333333333,170416,177088.666666667,186694.666666667,160873.333333333,76845.6666666667,50289,9699,4268,2359.66666666667,NA,38.1666666666667,188827.666666667,67.1666666666667,2338.66666666667,0.743034951715117,462090.927698401,-7619.44330857685,0.884334813707633,25.0977030899259,-0.319491939295875,0.936724087703051,-1756955.72669627,143372.075704834,-3327.10648208444,23.7019251116392
"57",7125,49.5955,11.0087,9,4471.28571428571,15641.7142857143,47181,67305.5714285714,93429.5714285714,125779.285714286,150762.571428571,152278.285714286,157959,162130,159687.857142857,132997.428571429,112264.285714286,61169.5714285714,44937.2857142857,18094.2857142857,6184.28571428571,3553,NA,37.6428571428571,187148,68.5,1189.28571428571,0.697778239293525,396081.684033679,-6429.00325263954,0.873216803005436,24.3037336926207,-0.312646531171436,0.909755376502421,1676112.92648949,-60530.5012029132,643.033962401435,-1.67997481907401
"58",7126,60.1997,24.5682,3,781.4,7137.6,23137.2,34411,48308.8,73640.6,86163.2,88697.6,88441,99297.6,103418.6,102058.4,93897.2,85878.8,69813.8,10755.4,7876,3443,649.4,34.5,124847.6,69.5,649.4,0.574159316232338,270786.316309275,-4240.95357826667,0.76991216912852,19.0840027636771,-0.222499462477334,0.822957645585045,-1280146.97116619,89967.0727759441,-1869.18962142988,12.0903603693651
"59",7127,58.6656,24.9871,2,4769.25,7854.5,20729.25,38857.5,52906.25,85413.5,108523.5,125824,147747,145399.75,146399.5,145777.25,123494,34011.25,10150.5,1155.5,262,91.25,82.5,33.5,153083.5,69.5,82.5,0.748108582669424,319060.681236657,-5250.25812537921,0.830156516737622,23.3934990161056,-0.308109163099993,0.892090302438148,140960.868561438,18386.7869723324,-717.340665864959,6.12008554178746
"60",7143,51.0167,5.86667,9,5241.85714285714,17996.8571428571,51178,70963.5714285714,95712.5714285714,108008,135501.428571429,140466.142857143,150449,155786.714285714,162315.428571429,158973.571428571,125735,49482,25397.1428571429,2250.85714285714,1009.42857142857,651,135,33.7857142857143,170186.285714286,69.5,135,0.671555787643461,347327.760908115,-5666.70612434926,0.752606143922982,23.6091550949668,-0.304514507001864,0.828150221417605,565125.556032293,-4481.5073151752,-300.777398410944,3.58895448503378
"61",7164,55.675,12.5686,3,2561.8,8965.8,26599,37141.6,51376,81317.6,99874.2,123309,136534.2,148103.6,159080.2,168211.2,167292,118472.6,71505,27146.2,16132,7403.6,247.4,42.7,176736.8,69.5,247.4,0.722239888466569,433609.588700018,-6804.38748455798,0.80952482672149,27.6656213287661,-0.342682068187209,0.853567537991039,83329.6837528124,28192.9464510158,-937.458637923834,7.41729065819315
"62",7165,51.3472,8.28844,9,2171,12468.6,37458.8,52830,74189.4,124179.6,148436,165664.6,174749.6,182427.4,189129.6,170010,127900.8,44172.4,30617.4,7491.4,1532,1054.4,9.6,38.1,197750.2,69.5,9.6,0.643093732978859,401699.831333303,-6588.50943174468,0.855477760217109,28.2679889215251,-0.398216040689478,0.914801150007574,2414955.67143362,-104578.453461582,1479.96341175462,-6.8262167638102
"63",7186,54.8969,23.8924,2,6260.42857142857,20373.1428571429,55779.5714285714,79533.8571428571,114160.857142857,147523.428571429,167762.428571429,179424.285714286,188657.428571429,186241.571428571,189450.857142857,181747.428571429,102821.428571429,15126,12693.7142857143,4630,3628.85714285714,501.428571428571,317.142857142857,34.6428571428571,206138.428571429,69.5,317.142857142857,0.565098324766314,365227.33456034,-6063.18680668705,0.831930960870162,24.0273215521182,-0.32512167080172,0.895611120293774,4040355.49349292,-198380.857372346,3225.84100698154,-17.3742239383392
"64",7203,49.631,11.5722,2,3018,7225.28571428571,22270.1428571429,37031.2857142857,61476,94931.1428571429,116492.714285714,133219.571428571,145683.571428571,146044,146761.857142857,142687,117594.142857143,30429,21193.2857142857,6043.71428571429,3076.85714285714,2235.71428571429,35,34.3571428571429,155826.428571429,69.5,35,0.755949794157156,322658.867301468,-5278.67651380438,0.783003615835262,23.9976154592578,-0.320369090147479,0.896663366603195,516898.977436111,-4567.64521770828,-261.857900942017,3.19303634875238
"65",7207,35.0085,135.752,2,2810.16666666667,12088.5,32429.3333333333,49934.3333333333,76395.3333333333,116368.166666667,130861.333333333,157328,160495.5,158445.5,164627.833333333,156537.333333333,88838.3333333333,36022.1666666667,30983.5,14996,4565.33333333333,4667,1124.83333333333,34.6666666666667,181001.666666667,69.5,1124.83333333333,0.756255789473621,380346.969097482,-6226.55558249341,0.871577061397171,24.870665001321,-0.346234707539658,0.910331281761111,497646.25942647,534.907686777819,-412.370453674254,4.37048905356213
"66",7209,52.7333,15.2333,9,2009.5,12328.6666666667,40131.6666666667,NA,86381.1666666667,106084,111552.5,118668.833333333,115605.833333333,113323,113882.5,99118.5,73673.1666666667,8935,3639.5,664.166666666667,230.833333333333,275.166666666667,29.6666666666667,33.1666666666667,131923,69.5,29.6666666666667,0.625151408830294,238858.072996705,-3995.84190270221,0.855130179430373,23.8563800509381,-0.338614058597661,0.889128738030397,1148726.18364498,-47953.1516032349,637.506107013374,-2.65605045333998
"67",7217,48,0.5,1,3076.42857142857,9883.42857142857,28423.1428571429,40839.4285714286,51860.7142857143,64059.8571428571,75796,78292.8571428571,82554.4285714286,85166.4285714286,89500.7142857143,89743.7142857143,77537.1428571429,43637.1428571429,33910,5521.85714285714,729,344.142857142857,NA,30.5,108386.285714286,68.5,259.714285714286,0.648239035855721,234378.351226892,-3803.47377309265,0.690749472789482,19.8700705486301,-0.252025243419273,0.877589629206762,-624691.331028383,52627.8910133908,-1201.6415621845,8.25847250150493
"68",7218,52.1611,4.49015,9,5386.125,14841.125,42239.625,NA,82796.625,83996.125,103061,111314.125,125681,136904.75,142083.375,141468.5,107717.125,32187.25,18598.75,4532.5,937.875,642.25,160.625,34,151656.375,69.5,160.625,0.632833383009764,286976.688583754,-4690.31606153795,0.790745214820397,21.8515067538456,-0.272984097291582,0.826189434941916,2365843.30952343,-109379.683294899,1675.67360428256,-8.5096857923461
"69",7255,50.95,7.5,9,401,5545,15991,29071.3333333333,51472.6666666667,104679,126878,140774.666666667,165719.333333333,181913.666666667,198579.666666667,188928.333333333,161770.666666667,66649.6666666667,31486,4026.33333333333,462.666666666667,107.333333333333,0,38.5,201975,69.5,0,0.63930060364503,418884.176844192,-6828.80141423054,0.875106157323122,31.1835789173888,-0.463687139161993,0.923117443714286,2897560.12850087,-123641.349090294,1714.68057136684,-7.69260298818298
"70",7268,52.6969,10.981,9,2144,18069.25,49725.75,62565.25,63987.75,69187,68935.75,47229.25,32215.75,31766,32940,28532,14317.75,4061.5,2798.5,1361,315.5,339.25,332.25,27.5,82039.75,69.5,332.25,0.505432190790768,94605.059168382,-1633.07543554054,0.833326473676755,16.1679265281788,-0.181452615752322,0.815869003049618,714560.900468456,-38194.7600265774,678.156283763312,-3.98496842947387
"71",7273,51.0581,13.2995,2,3101.16666666667,15639.1666666667,49612.3333333333,73112.3333333333,97169.6666666667,122618.666666667,134622.5,141524.166666667,142520.833333333,139121.5,144102.333333333,143434.166666667,112617.333333333,58304.5,37389.8333333333,19289.5,4540.16666666667,3362.83333333333,389.666666666667,35.1666666666667,168763,69.5,389.666666666667,0.667739440964241,359967.002147489,-5827.48481572219,0.816319836446742,20.4114353372291,-0.225105498582759,0.879592583042182,-152283.872824118,32448.0359699506,-915.76615972818,6.92915719752266
"72",7282,50.3827,8.01161,9,2452,8446.33333333333,23154.8333333333,30863.5,41423.6666666667,46953.5,52678.1666666667,49996.8333333333,40256,40213.1666666667,42891,44892.3333333333,44448.8333333333,28978.3333333333,21342,6314.33333333333,1797.66666666667,1185.16666666667,NA,29.5,59998,68.3333333333333,333.833333333333,0.605873910486741,110582.092101073,-1749.90306577894,0.716285505769278,18.0345897319856,-0.209186977181383,0.839952012008644,63051.8316921713,2827.77792479671,-121.984469175498,0.961472802354627
"73",7287,53.3422,8.42255,9,5343.4,10647.8,30879.6,44803.2,63367.2,87582,112016,114317,126547.6,133184.8,142309.2,139108.8,116077,55576.8,37113.6,12437.2,4764,1831.2,NA,33.9,155067,68.1,270.4,0.614113957521327,337016.269113134,-5538.8315647652,0.761905168045552,20.3207266666972,-0.219987263598514,0.782408909118174,-286687.828426231,44213.0490897249,-1225.45063283898,9.44876579061539
"74",7288,60.385543,6.193019,NA,1961.83333333333,11413.1666666667,35848.1666666667,54993.8333333333,81725.1666666667,114017.333333333,120099.166666667,134046.833333333,146676.166666667,148552.166666667,158140.666666667,159618,140378.5,85466.3333333333,60488,38460.8333333333,15278,8592.16666666667,1634.83333333333,40.3333333333333,179494.333333333,69.5,1634.83333333333,0.744330279516495,439310.675418587,-6951.08825588651,0.909829181935483,24.1937427960395,-0.291715258105275,0.845048428185556,-735822.459931709,69134.0385129135,-1619.89448230128,11.2089874133345
"75",7296,59,29,2,4415.5,13837,37429.6666666667,57524.1666666667,80263.8333333333,114797.5,129903.5,150609.5,164593.166666667,168470,173716.666666667,166153.833333333,132099,40221.1666666667,29013.3333333333,6916.83333333333,3100.33333333333,652.833333333333,NA,35.1666666666667,183843.166666667,68.3333333333333,245.333333333333,0.632878658374562,390504.752326517,-6515.84286523191,0.801677522202287,24.2673156966249,-0.313690848676749,0.91246160981091,794438.080763194,-11429.1399236451,-295.46813863144,4.39128772766384
"76",7298,47.04,10.51,2,2720.42857142857,16650,42035.7142857143,58583.5714285714,80606.8571428571,112963.571428571,154502.571428571,168536.714285714,161145.857142857,159776.428571429,167511.142857143,161325.714285714,121170.857142857,33630.8571428571,30241.4285714286,13805,1955.42857142857,1230.28571428571,NA,36.3571428571429,185306.428571429,68.5,435.714285714286,0.722336171866069,409918.365786637,-6805.0553524729,0.89096654384971,22.6194897450711,-0.276761378508318,0.857291555534788,-663875.714971366,68835.1153296072,-1732.62811320189,12.7618966766596
"77",7316,51.9667,5.56667,9,1904.5,8380.33333333333,31136.8333333333,NA,60727.6666666667,91029.6666666667,115748.833333333,129362.833333333,141008.166666667,139753.333333333,145728,136753.333333333,118446.833333333,51641,36782.5,9589.16666666667,2038.66666666667,918.5,NA,33,165861.666666667,68.3333333333333,143.666666666667,0.59832795947832,332486.240561124,-5464.97358078352,0.809863563843125,20.1616083412554,-0.242322052991913,0.882810124519307,822072.33506708,-19162.1101690482,-33.4450936342,2.05650125015386
"78",7323,49,38.28,7,3763.5,7717.75,29938,43360.25,68592.25,124178.25,151183.75,188186.5,224768.5,231846.75,234654.75,224895.75,116485.75,33280.75,18597.75,1472.5,330.25,144.5,2.75,35.5,237742.75,69.5,2.75,0.665841293027176,463824.297729577,-7699.12038153744,0.806223765297097,27.5628606056534,-0.4013927370327,0.919940523372418,2309177.41958598,-95659.1547594611,1260.95023450428,-5.1969825939076
"79",7333,46.5438,11.5614,2,5590.33333333333,10981.1666666667,27703,30532,42957.5,65960,81223.1666666667,98080.3333333333,111403.666666667,107565,105143,97283.3333333333,65018.5,33685.6666666667,23253.6666666667,10563,6039.33333333333,1857.5,379.666666666667,34.8333333333333,122145.666666667,69.5,379.666666666667,0.777135025609915,249703.415382726,-4064.89808296825,0.873576168209911,20.0291996659056,-0.225743564491044,0.940667252958412,222232.181144083,4031.20409078557,-299.592756178453,2.82717520444638
"80",7346,52.6058,11.8558,3,1881,15568,48491.75,66066.25,95168.25,135542.25,147592,158294.5,173569.25,169769,171441.5,172928.25,143235.75,10595,6390.25,1108.75,514,194.5,27.25,35.25,178431,69.5,27.25,0.64675686327866,361704.434051638,-5998.56010799572,0.922264472618766,24.587531097933,-0.333890787202205,0.863484394535412,1717993.9585575,-65590.2272100141,749.054655385956,-2.2918341734017
"81",7347,52,36,2,1684.25,10048,31500.25,45020.5,67959.25,100348.75,113712.5,119531.75,126847.5,129248.5,135438.5,132670.75,81674.5,10600.25,8375.5,44.75,46.25,79.5,17.75,32.5,146563.5,69.5,17.75,0.639288186810279,278425.775485388,-4635.29581027455,0.823164896271868,23.4675899532661,-0.330310873816237,0.804908449453135,958108.562304912,-32446.8024621097,282.234286920127,-0.180267353730513
"82",7353,52.08,4.3,9,1528,6298.42857142857,18493,25816.1428571429,35436.5714285714,53427.8571428571,64683.1428571429,69541.2857142857,88849.2857142857,97412.5714285714,105060.142857143,106235.714285714,103621,65993.4285714286,31226.2857142857,17157.8571428571,10737.2857142857,4451.28571428571,NA,37.6428571428571,126716,68.5,1462,0.600521322582601,287037.170644166,-4562.49215834947,0.820959789066621,19.7799411609916,-0.219542383178962,NA,-421345.238363951,40304.279421096,-945.821877412349,6.52031377275261
"83",7372,47.0748,9.9042,2,1896.33333333333,6768,24063.3333333333,44538.3333333333,63123.6666666667,114974.666666667,132583.666666667,160088.666666667,195606.333333333,203665,210310.666666667,208841.333333333,157109.666666667,47279.6666666667,34249.6666666667,147.333333333333,0,19,12,36.1666666666667,216940,69.5,12,0.708498439216216,452279.977666439,-7433.25847500274,0.735408675220982,28.958058016342,-0.432116688691665,0.921077083787997,1730498.19891694,-59602.0721213313,554.844817496752,-0.775658176171127
"84",7373,34.43,136.31,9,2591.4,14555.2,41805.4,59331.8,82781.4,106875.8,114379,125521,118714.2,97156.8,111319.4,110624.8,80795.6,25705.2,14459.2,7128.4,158.6,75.2,20.4,31.9,139515.2,69.5,20.4,0.646949602520146,260876.992492244,-4303.15126697137,0.709456536899397,20.8318961487193,-0.270661798746473,0.843149329170648,-79070.8579641575,22658.856564031,-673.300561697865,5.24794794554052
"85",7378,48.0333,7.7667,9,1325.16666666667,9447.83333333333,25107.6666666667,40336.6666666667,65627.5,109851.333333333,147518.666666667,164273.666666667,175765.5,175755.666666667,190075.166666667,182486.333333333,71475.3333333333,21291.6666666667,14842,1504.83333333333,139.5,119.666666666667,NA,36,201924,68.3333333333333,123,0.499998323951562,345854.513116455,-5850.45721786674,0.831123599872592,24.8896370103158,-0.349384303761305,0.848294333460545,3886093.24235094,-189705.583445781,3043.32550832133,-16.0101377004086
"86",7384,52.0333,5.55,9,1447,8988.625,28603.5,40464.625,58698,92280.25,100636.125,109490.25,118282.625,128976.625,139984.875,136999.375,121868.875,55515.25,41488.25,21799.25,8716.75,4914.625,NA,41.25,154120.75,68.625,2150.875,0.701549950133196,343683.994087494,-5531.87768228333,0.869071552125047,23.99222732158,-0.291294793548113,NA,3422302.17354541,-154550.484323361,2322.38667015766,-11.6078208140067
"87",7394,52.3,21,2,825.25,10933.5,34939.25,NA,64947.25,77322.75,88355.25,91047,107071.5,106617.25,106536.75,100759,79565.75,44016,32417,13518.5,6169.5,2781.75,68.25,34.25,117646.5,69.5,68.25,0.833770951167554,260026.907556717,-4185.21454706666,0.816013931973254,21.7286155609407,-0.24940002466319,0.929828369446619,-386730.693560196,38529.2388593497,-929.118672750998,6.55687053979515
"88",7404,52.6,10.0667,9,2455,15106,27512.5,42641,59830,85348,108118,128360.5,136049,130387,132853,128590.5,70786.5,8316,6719,3044.5,2078.5,1846,NA,31,137005.5,66,1827,0.768045573960112,291724.621699926,-5005.67625099087,0.922356319439356,20.162585702366,-0.233909725489009,0.904421009019562,-441090.472970819,53658.8392023132,-1469.94716113676,11.591013685685
"89",7411,47.9299,10.8134,2,1292.71428571429,9148.57142857143,30185.8571428571,48494.5714285714,70166.2857142857,105936.857142857,129826.857142857,143412.857142857,152432.285714286,151812.285714286,156600.857142857,163444.142857143,131763.428571429,33770.8571428571,31019.5714285714,15593.8571428571,1241,836.285714285714,213.714285714286,37.9285714285714,170640.285714286,69.5,213.714285714286,0.696345540535745,370095.736557407,-6036.18443985197,0.857021920172648,26.3930512444571,-0.350830896924426,0.842009325646672,66235.7647684903,24437.0667305486,-843.512500991453,6.90414390186202
"90",8214,49,2,1,2297.5,9837.5,23707.8333333333,36300.5,49469.6666666667,86805.1666666667,106240.5,114810.166666667,125362.5,130696.5,135044.166666667,138535.333333333,114821.666666667,57669,31835.3333333333,7138.16666666667,2099.66666666667,1141.66666666667,NA,38.1666666666667,144668.166666667,68.3333333333333,403.333333333333,0.730777724083204,332876.45857404,-5469.98149098732,0.867153257564635,23.679419735405,-0.295568273972661,0.919506868756517,-58156.1366797352,32409.5667997009,-1027.73737196849,8.36158143496126
"91",8230,56.68,16.5,3,753.333333333333,9631,24741.8333333333,33463.6666666667,45959.5,68436.3333333333,81966.1666666667,98352.6666666667,102632.833333333,107502,110664.666666667,113019.333333333,106762.166666667,46636.1666666667,38893,19849.3333333333,4695.16666666667,871.5,79.1666666666667,37.1666666666667,132458.666666667,69.5,79.1666666666667,0.625733369707561,277022.143331091,-4452.70319190231,0.84586078560307,23.0827275747612,-0.283053996553748,0.842127553975958,1143380.90967404,-42966.7493552042,506.803700914548,-1.80022942009689
"92",8231,56.3,16,3,1640,5708.6,18384,30400,50196.2,92066,116725.8,133407.4,161244,172701.6,182412.4,176782.4,123636.4,51595.6,42430.2,13953,8301.8,4576.4,NA,38.3,190518.4,68.1,4554,0.596710981832673,414131.657370424,-6771.95023008046,0.900173193673395,23.6079804764827,-0.292766890836399,0.889666440219468,193694.101146646,23254.3820147073,-947.041553480153,8.42072979522852
"93",8240,55.705,13.196,3,563,7439,17369.25,36936,64884.5,118733.75,140096.5,173342.25,199296,217755.75,214101,195241.5,134619.25,57312.5,23517.5,13116.25,487.75,116.75,2.5,36.25,224717.25,69.5,2.5,0.715915845956407,451535.618929404,-7417.73997945817,0.87753804812967,28.1682306150233,-0.40019904805248,0.925765522634238,2019204.32815972,-80329.4944614635,1007.58463911178,-3.86807108781091
"94",8247,56.07,13.74,6,1435.6,8999,30526.8,42504.8,59869.2,96833,113738,126605.6,123059.6,125302.8,134299.6,129853,100474,31224.2,18808.2,7026.2,4315.2,2185,518.8,31.5,149190.4,69.5,518.8,0.584907982745222,287273.805303932,-4697.01653531814,0.817571770530762,20.3728613862253,-0.232718607282367,0.840738209183737,1142321.06691951,-43880.9789695807,523.377317271551,-1.83851958975548
"95",8249,57.7,15.8,3,3292.71428571429,10610.8571428571,30557.8571428571,39110,48206.7142857143,67778.5714285714,87592.4285714286,101145,106940.857142857,114423.714285714,119543.857142857,122827.857142857,123589,106122,90004.1428571429,29960.8571428571,11981.4285714286,7097.57142857143,918.142857142857,36.6428571428571,135505,69.5,918.142857142857,0.608470124061276,333788.198870573,-5144.10316063166,0.621081271544446,21.6723708303933,-0.234952905491412,0.842880496690231,-964226.73394202,81120.0974185737,-1816.86266001641,12.2308036780966
"96",8311,47.5,11.5,2,1571.6,13118,38465.8,NA,102418.6,141532.6,173494.2,189566.2,207325.6,212168.4,217141.4,192830.8,146775,65388.2,57150,23143.8,11869.6,1680.2,444.2,39.7,227773,69.5,444.2,0.717770155476267,494600.547823579,-7976.65675534334,0.879840178440678,25.5475435003528,-0.315504603935975,NA,-2716512.68179046,160563.576243332,-3028.13225491859,18.435938124071
"97",8312,50.5,7.5,9,2360.83333333333,7674.16666666667,25512.6666666667,37289.3333333333,44819,66830,78647.5,74611.1666666667,56364.1666666667,49238.1666666667,53777.3333333333,57428.6666666667,49549,19740,12975.8333333333,12374.5,9166.66666666667,3192.33333333333,307.666666666667,29.3333333333333,86562.8333333333,69.5,307.666666666667,0.380648567744021,128464.751708411,-2039.0653095021,0.509526157081007,15.9086541442499,-0.181113620134864,0.650902977095621,185269.215831123,-3688.17600485256,-11.1780025095523,0.373747068823184
"98",8351,60.25,18.37,11,3021.42857142857,17167.7142857143,46558.8571428571,60800,77558.1428571429,114765.285714286,134701.142857143,150838.285714286,157901.142857143,165677.285714286,167212.142857143,171981.142857143,162072.857142857,118661.857142857,70722.4285714286,30979,10293.7142857143,6994.14285714286,NA,31.9285714285714,184264.571428571,68.5,966.428571428571,0.733689518021038,420191.019393522,-6669.47483043434,0.730257983756384,17.8363868037156,-0.171332219999606,0.891854305144574,-542712.142929584,63472.409818723,-1601.62454399446,11.589937128637
"99",8354,58,56.3167,7,2348.33333333333,10355.3333333333,31345.6666666667,48269,72797,120937.666666667,148388.333333333,172351.833333333,180594.833333333,185237,186716,176473.666666667,126809.5,68260.8333333333,47305.5,13425.8333333333,5867.83333333333,2755.5,NA,35.6666666666667,208211.5,68.3333333333333,1535.66666666667,0.688683553254624,440982.050911936,-7228.06209734692,0.883175540415319,23.9811620194463,-0.307097197596053,0.909469461554097,305685.645754642,18386.8175387793,-857.742734743981,7.74565891962365
"100",8357,41.5,2.25,10,1670.83333333333,9724.66666666667,26225.1666666667,37924.1666666667,57959.5,101203.833333333,119908.166666667,132829.5,137468.5,145798.5,152136.5,142944.333333333,124931,93052.8333333333,63779.8333333333,23800.6666666667,8589.66666666667,6142.66666666667,398.5,38,170837,69.5,398.5,0.636066227530024,389874.894861781,-6187.94716234869,0.718413446959463,21.4799386094675,-0.258153662408796,0.846672787087089,745875.482317416,-11610.0636264391,-181.314282387012,2.80073508307638
"101",8376,62.69,18,11,2205,14160.6666666667,38288.1666666667,49613.8333333333,62680.1666666667,73329.3333333333,101557,103099.333333333,103245.5,111728.666666667,124128.666666667,138044.666666667,134690.666666667,117522,97914.5,34899.1666666667,14599.6666666667,9048.5,NA,41.5,153377.166666667,68.3333333333333,3466.66666666667,0.692784340343584,420596.937913392,-6611.34134127699,0.879688253275957,21.1797678294161,-0.208892351893899,0.782298561158976,2736907.39315185,-111322.810964559,1501.44683549402,-6.72946317504667
"102",8387,59,18,9,5061.8,13457,45224.4,65603.8,91771.2,146361.8,171906.2,201659.2,220291.6,221172.4,228906.8,231533.8,171115.4,92556.8,56932.4,10407.4,3324.2,1404.8,NA,38.1,238459.2,68.1,743.2,0.679148909687577,559181.454550236,-9207.30605342422,0.880150735311902,26.2398887972598,-0.337794571643193,0.885128608877659,-1717650.54119226,148527.522598339,-3531.63445962288,25.481006675803
"103",9057,56.1,13.9167,3,543.333333333333,10598.6666666667,27187.1666666667,NA,56344.3333333333,92272,115320.833333333,130631.166666667,131686.666666667,133918.666666667,139580.166666667,133241.166666667,116395.5,60410,45608,25997.1666666667,15957.1666666667,3752.5,1136.5,38,165238.666666667,69.5,1136.5,0.676995546058757,353026.036015333,-5630.92000918088,0.799242133907319,21.3318954473179,-0.235869497058056,0.895042205486105,-53208.7946220785,21447.9963219014,-621.255305132894,4.66553306651264
"104",9058,57.75,16.6333,3,2404.14285714286,16058.4285714286,44890.2857142857,66397.7142857143,86801.1428571429,94267.8571428571,133856.428571429,143569.714285714,148780.285714286,153965,159636.857142857,163775.428571429,144841.142857143,67791.4285714286,46718.8571428571,22989.7142857143,6734,4638.42857142857,384,37.7857142857143,177247.857142857,69.5,384,0.699075136963605,383118.816723366,-6116.21962577028,0.901394768553164,22.6290106438187,-0.257106819979353,0.924845143354422,1524777.32907872,-53991.6483963952,564.487128668217,-1.47477224039866
"105",9371,63.016,18.3175,11,401.5,4553,13748.5,21896,32819,58851,67382,98437,132911,139990,151952,164261.5,163249,109371.5,75998,17739,6939,1240,40.5,38.5,172997.5,69.5,40.5,0.801052971359832,396370.001496781,-6259.12715168442,0.901982849717918,24.960748288599,-0.303917360168685,0.958985053047235,870389.51407783,-11883.2182231043,-273.219688089388,3.80837681457665
"106",9394,56.5804,16.4063,3,2817.5,16578.25,37383,51065,75348.5,124491,140684.75,160621,172984.5,180591.5,190179.5,194679,180634.25,100174.75,63948,15157.25,3290,1045,140,39.5,197709.5,69.5,140,0.73639343646726,441149.854772333,-7051.00880435078,0.917639006767443,25.0615744607817,-0.298640229808478,0.950223541658871,1556068.72726335,-47215.9271316442,319.84859816883,0.550001767555434
"107",9399,55.4234,13.9905,3,682.285714285714,4802,14601.2857142857,22358.7142857143,35513.1428571429,56183.7142857143,65858.8571428571,69172.4285714286,75128.2857142857,76537.8571428571,79849.1428571429,81668.4285714286,58848.2857142857,36928.8571428571,28925,16561.7142857143,1948.85714285714,708.428571428571,26,38.5,104247.714285714,69.5,26,0.586038936307106,214363.468210881,-3447.60917231314,0.813165022601846,25.1344713039116,-0.33241711399715,0.833532241505149,697333.448453818,-25286.6038909738,283.505502085959,-0.921479393950225
"108",9409,56.0573,14.302,3,3121.66666666667,6357.83333333333,16418.6666666667,26608,32957.6666666667,64881.3333333333,80186,93923.8333333333,103520.333333333,110722.666666667,120588.833333333,116080.666666667,110343.5,77352.3333333333,55178,24855.6666666667,9987.83333333333,854.666666666667,81.8333333333333,40.8333333333333,127954.5,69.5,81.8333333333333,0.783590414837407,308362.1330032,-4843.36483691597,0.845250993556835,26.8044917203579,-0.340350044707528,NA,-3473761.00731933,194639.356638287,-3524.80611317032,20.7738221169358
"109",9416,57.7215,18.3837,3,1822.8,6222.6,20790.4,NA,55562,95966.4,112033.4,123189,133975,135438.6,133965.8,99074.2,52884.6,15664.2,14767.8,11478.4,1599,855,163.2,35.3,151189.2,69.5,163.2,0.532417886063705,272879.159702649,-4535.9778170274,0.745616504104274,21.1146211043399,-0.27036328559652,0.805766502551545,2178368.11819695,-107003.879547977,1748.43700950842,-9.49365110020755
"110",9427,62.8815,18.4055,11,1015.66666666667,10780.6666666667,31482,40325.6666666667,49637.3333333333,68296.6666666667,78222,78859.6666666667,91124.3333333333,97535.6666666667,99597,95534.3333333333,89711.6666666667,52330,43163,30991.6666666667,24151.6666666667,8135.33333333333,1543.33333333333,43.1666666666667,107804,69.5,1543.33333333333,0.783335130157433,267470.701923278,-4116.40340115443,0.857644068984405,22.3868143303821,-0.243013121984185,NA,-5424327.9510828,280646.563063668,-4757.95421630889,26.5230605571112
"111",9470,57.6511,14.8043,3,2047,6199.75,19967.5,34429.125,54935.375,96023.25,124688.625,147926.5,179663.75,186340.25,190952.125,175606.625,150300.5,71538.125,51449.375,20966.75,6265,4063.125,NA,37.125,201065.375,68.625,312.875,0.76817753607502,459395.272640522,-7484.93532547665,0.865224756380471,25.462087612895,-0.329718905663466,0.916830080230022,695315.661727643,639.93771013442,-572.692478748284,6.11484577951674
"112",9481,55.4242,13.8484,3,1681.25,19040.125,53238.75,73496.25,91683.375,118467.875,134081.25,142213.125,152610.375,155047.375,163456.625,169737.875,153378.875,64407.75,48015.125,29013,13018.75,8864,NA,38.5,186770.375,68.625,1334.5,0.634280992561623,398648.837286583,-6410.09124153211,0.863008708838029,20.677323286431,-0.209307290997793,0.914927930935829,3051337.45976706,-134801.16385501,1961.35511240203,-9.33044548047022
"113",9506,40.11,-7.47,4,1321,4394.5,15256.8333333333,21164,32927.6666666667,66224.3333333333,81702.6666666667,100502.666666667,129589.666666667,136014.166666667,142766.666666667,144076,134536,87475.3333333333,47281.3333333333,27883.5,11638,5924,620.833333333333,36.5,151637.333333333,69.5,620.833333333333,0.828659360032155,344222.106406342,-5417.16218225098,0.823097683115163,23.2266034357489,-0.281900394143322,0.931010785696734,194702.129407489,15424.1530153386,-622.455267640552,5.19562594588854
"114",9507,38.45,-7.5,8,1101.42857142857,7082,23289,31157.7142857143,40928.8571428571,53973.7142857143,56853.2857142857,56873.8571428571,70140.1428571429,76549.1428571429,84803.5714285714,85332.7142857143,87217.8571428571,52104,35654.2857142857,10683,6039.14285714286,2761.14285714286,511.571428571429,36.7857142857143,108605.714285714,69.5,511.571428571429,0.589565552924426,237947.060682352,-3788.81876061242,0.697104292332422,19.5244031129334,-0.210462579850607,0.875277028573716,2088982.81126696,-90405.5172691749,1290.16466560388,-6.06300047670893
"115",9510,38.75,-7.59,8,3001.83333333333,12312,34741.5,NA,73475.8333333333,116972.166666667,127048.333333333,156735.166666667,185646.833333333,196729.666666667,199367,197419.333333333,149419.5,72455.5,58964.8333333333,13083,4248.33333333333,1936,109,36.8333333333333,202633,69.5,109,0.742580857998738,443029.178096512,-7153.54185369506,0.897923052136953,23.5833467996971,-0.276622824823187,0.921662659638835,494191.217542641,6335.95440871173,-581.465666140826,5.60111351519788
"116",9512,38.22,-7.84,8,833.833333333333,3575,12908.1666666667,NA,27454.5,45960,53438.6666666667,58906.1666666667,64039.3333333333,70827.8333333333,78387.3333333333,86487.3333333333,82240,48892.1666666667,41732.5,20108,14012.5,7147.33333333333,1347,38,99428.3333333333,69.5,1347,0.682926741203585,229532.206822384,-3583.23000845489,0.812762285933507,23.9993486535103,-0.315720458383855,0.882686608356965,1697208.0786232,-73611.1625767776,1067.41780366792,-5.16678100658489
"117",9517,42.19,-7.8,4,1136.83333333333,9661.5,24897.6666666667,31992.5,39463.6666666667,49882.5,58701,57780,62085.8333333333,64664.3333333333,70350.5,78559.5,79061.5,53606.5,35970.1666666667,10067.5,933.166666666667,352.333333333333,NA,36.8333333333333,82980.8333333333,68.3333333333333,223.5,0.752379990777952,208066.395755559,-3347.01910028051,0.832374934607989,22.4651570400808,-0.274813559085887,0.895837572681476,-1781448.09513671,117527.202561646,-2411.25888728934,15.7683107645375
"118",9518,39.88,-0.36,10,592.666666666667,4734.33333333333,16516.6666666667,NA,37561.3333333333,71254.1666666667,93802.1666666667,122125.666666667,144087.166666667,154903,158512.166666667,158651,135844.166666667,82216.3333333333,67722.1666666667,18355.5,4351.83333333333,2390.66666666667,265.5,38.1666666666667,168970.166666667,69.5,265.5,0.747495389157671,392256.952274073,-6255.772516041,0.825061124393077,24.5982499142513,-0.304359613874746,0.939980757166133,1517234.71452296,-48131.8843570154,381.46384075196,-0.0316363203245829
"119",9520,41.7,-3.68,4,2125.6,8474.4,24697.2,34188.6,51312.6,72723.6,97643.8,116730.6,135748.2,137520.6,140460.8,119581.4,72079.6,18332,15541.8,2739.8,1649.6,995.6,174.4,33.9,152947.6,69.5,174.4,0.599302162690469,281640.411877192,-4673.01850376602,0.87494973756323,22.5407541872472,-0.304434489556803,0.912816423927133,1761235.69085873,-80443.3002813792,1212.2316524283,-6.02774733119093
"120",9521,41.43,2.13,10,1444.85714285714,3996.71428571429,12198.7142857143,18401,27238.2857142857,48703.4285714286,66114.5714285714,80151,106386.857142857,121227.428571429,126358,125520.285714286,124983,103845.285714286,66966.1428571429,16067.1428571429,5891.28571428571,4140.85714285714,219.714285714286,41.0714285714286,134536.285714286,69.5,219.714285714286,0.726044416909566,330552.755113676,-5187.36357387949,0.824778413471031,25.5104758869911,-0.319288150054683,0.845770121716699,-335152.348072029,46146.5458329926,-1199.11338192795,8.70913287652252
"121",9522,36.52,-5.27,8,875.333333333333,11245.6666666667,36189.3333333333,53822,74020.3333333333,116666.666666667,137505,156920.666666667,175574.333333333,189334.666666667,187216.666666667,166622,116637.666666667,59288.6666666667,32662.6666666667,10522.6666666667,2884.66666666667,1903.66666666667,58.6666666666667,36.1666666666667,191252.333333333,69.5,58.6666666666667,0.714500596053355,394304.759975465,-6433.56348834616,0.821048204120331,23.3719931826774,-0.287931977661647,0.900423522812344,1008596.64153515,-28400.2681095834,129.752022243882,1.02321251992654
"122",9523,38.37,-2.66,4,390.333333333333,12559.6666666667,30826.6666666667,40019.3333333333,41254.6666666667,57817.3333333333,72001,75512.3333333333,81810,87348,101662,94878.6666666667,96503.6666666667,60626.6666666667,56175,34880,5957,1141.33333333333,430.666666666667,35.5,119730,69.5,430.666666666667,0.642044278761125,266558.011153886,-4172.95106461367,0.738768589199618,20.9842887978494,-0.224896779381331,0.773471706241084,-778117.746104968,60215.5465122887,-1300.69082549068,8.56940738977517
"123",9524,42.52,-0.56,10,1031.75,10563.5,22330.25,31856,48254.75,64036.25,91908.75,118623.25,133430.5,140692,155033,151859.25,150065,57154.25,33756,21106.25,10656.25,5915.25,421.75,41,163974.75,69.5,421.75,0.63015256107532,338377.849738459,-5387.074389329,0.945316638996988,22.7555076347151,-0.256066214691242,0.91838388595661,3804671.98729144,-181356.064186406,2886.30642029405,-15.3143107108533
"124",9526,41.54,2.39,10,1730.5,6809.83333333333,20813.3333333333,28052.1666666667,45441.3333333333,77779.5,94524,117395,144952.5,155297.333333333,164542.166666667,158882.666666667,136207.666666667,60123,38229,7484.16666666667,4193.33333333333,2559.66666666667,230.833333333333,38.8333333333333,167667.833333333,69.5,230.833333333333,0.671456657996777,367270.966258646,-5938.42116797258,0.928778040165005,23.5846524370911,-0.282045296884529,0.900279157079553,2524654.13012151,-105208.31382627,1418.25237583522,-6.13186144683327
"125",9527,40.37,-5.74,4,756.25,3322.75,11309.5,14589.25,21188.25,35172.25,47076.25,60927,82640.25,87237.5,89156.25,86999.5,87677.75,26149.75,20255.5,13545.75,1150.5,680.75,NA,35.5,110225.25,67.75,612.75,0.613437832627002,238264.766482191,-3913.93778148181,0.855557221570826,22.2116132129596,-0.283664573844537,0.875276241286643,689517.196797509,-20082.7486509128,95.6955085743254,0.786109925378824
"126",9528,40.94,-1.37,10,24.5,18651.5,45068,56523.5,75471,95745,101924.5,91564,67705,59965.5,62381,72507.5,77340.5,73838,62350.5,37338.5,27274.5,7203,795.5,36,118965.5,69.5,795.5,0.470431343030819,201840.20327898,-2991.63654602872,0.646969508482545,17.5790051429129,-0.144738690980077,0.717418300897566,481609.022183098,-18500.9615597289,281.803524570916,-1.67378635931112
"127",9529,36.97,-3.36,10,737.2,8592.4,25161,37207.2,54087,84121.2,111518.2,127413.6,167836.8,183226.6,194794.6,190410.2,180361,91776.2,62075.4,21148.4,9208.6,4952.2,102,41.7,214698.6,69.5,102,0.620679859159854,452407.678223127,-7214.9472111147,0.893051572665833,25.5274259990309,-0.304402295078335,0.949505856891148,6084557.83594567,-288006.284611746,4540.89466692151,-23.8330886793216
"128",9534,40.05,-4.65,4,781.75,5438,19158.75,28583.25,42720.75,62580,82361.25,90622,103771.75,102980.75,103931.25,107709.75,85519.5,29130.25,26051.25,3695.5,1342.25,329.25,63.75,32.25,124765.5,69.5,63.75,0.48075112230666,230570.039350101,-3758.19604443905,0.742062014036495,19.3537307469193,-0.235682744481838,0.809619064678001,1742881.12315278,-79495.9741574503,1204.10364672126,-6.05848835742421
"129",9535,42.31,3.19,10,382.75,9004.5,24570.5,31628,37496,52369.5,52195.25,48264.25,65225.75,79016.75,91730,100495.75,118156.5,114111.25,95397,23109.5,12980,9874.25,NA,43.75,121607.5,67.75,8864.25,0.71985767507452,376000.435325073,-5912.52146311017,0.793259181967404,21.4555067752913,-0.219690119897713,0.837323651013373,-2093138.65843893,152242.69215843,-3278.69486434004,22.056837147239
"130",9537,38.07,-6.66,8,823.333333333333,7293.66666666667,24426.8333333333,35690.5,50185.6666666667,81875.8333333333,101788.666666667,102444.166666667,114833,129709,137344.166666667,128374.333333333,95782.5,19034.8333333333,14246.8333333333,4747.66666666667,1824.5,875.833333333333,329.666666666667,33.6666666666667,149711.833333333,69.5,329.666666666667,0.590490853466363,281110.562113343,-4637.59653808076,0.817794418565035,20.1151039880048,-0.233468935598087,0.879704547334979,1823988.14668351,-80870.8550363248,1175.34777688521,-5.59257579507008
"131",9539,40.29,-6.67,4,306,7357.33333333333,19131.3333333333,31434.6666666667,48701.3333333333,79807,102266.666666667,130747,155162.666666667,149091,166079,155648.666666667,132429.666666667,125403,100829.333333333,6884.66666666667,4346,1600.33333333333,NA,38.8333333333333,184512.333333333,67.1666666666667,1245.33333333333,0.733272086678507,526973.898006709,-8652.34179332334,0.927130925112923,24.9441800070271,-0.299243359727206,0.841683559332683,365137.383858844,36758.2043127679,-1505.42142004196,13.1333136635816
"132",9542,40.79,-4.05,5,0,2717,12433,18840,31222,57231,78177,108742,146835,155924,171006,177579,182046,62648,489,232,0,0,0,42.5,182046,69.5,0,0.377532709003718,316363.060945274,-5148.03510226645,0.788537621990851,32.8856598219219,-0.510858084116352,0.948790896385349,8805809.00534326,-442839.370322234,7372.27498049904,-40.6304799685108
"133",9544,39.4,-5.33,8,198.6,8692.4,19851.8,28973.8,42009.4,73125.6,89043,106750.6,116477.4,127945.2,141109.2,144462.4,127602,80487.4,50261.8,27019.6,2870.4,1269.6,726.6,40.9,156686.8,69.5,726.6,0.661550582234976,368862.932403962,-5880.76366614202,0.820886451323671,25.6309220919511,-0.330306732549719,0.852308701818106,367536.062466352,7815.17785530974,-519.418623372249,4.77156658606591
"134",9546,40.82,-1.68,10,164.333333333333,3703,13892.6666666667,NA,28794.3333333333,51921.3333333333,75721.6666666667,99940,114069.666666667,119136,138237.666666667,147610.333333333,126814.333333333,81788.6666666667,63252.6666666667,37602.3333333333,9102.66666666667,926.666666666667,318.666666666667,39.5,147610.333333333,69.5,318.666666666667,0.837058923715088,338154.843902439,-5302.89593495935,0.809566304860745,24.3135352341251,-0.284074667323253,0.95504819115225,115191.882401804,18565.8594974668,-654.920909799754,5.24045666158243
"135",9547,41.67,2.62,10,473.5,6362.25,25309.25,NA,49747,73028.25,87012.75,100839.75,110151,112001.75,115985.25,102973.5,85802.5,58611,51114,8864.25,5484,210.25,206,29.25,133718.5,69.5,206,0.459804643285825,277772.568878608,-4462.06438577272,0.512883718576492,19.6932939274808,-0.236274528009638,0.592625869702216,-867405.710189538,67832.4434840786,-1494.80577354762,10.0608537645715
"136",9548,40.4,-5,4,1414.33333333333,15529,32116.6666666667,48983.6666666667,64208.6666666667,98588.3333333333,108996,119768,144230,153274,137219,161686,149280.666666667,113737.666666667,74960.6666666667,28336.6666666667,11062,3719.33333333333,196.333333333333,37.5,168124.666666667,69.5,196.333333333333,0.854466030132894,397815.000258173,-6243.21848627888,0.848345172397826,24.4049941965051,-0.298007391508445,0.952812008134377,-948225.26941083,82488.3947796547,-1881.89990186912,12.8373875327384
"137",9549,42.23,-3.69,5,0,12207,36024,39156,45721,51756,51006,22038,15435,24781,29023,28213,23361,10992,5198,747,1891,1207,558,25.5,51756,69.5,558,0.704573472370399,65910.8741949713,-1079.84578738421,0.845746122695748,13.7588616901824,-0.107143066693964,0.735524722190649,148271.283731323,-5688.46846852157,74.5594288941512,-0.339072486722752
"138",9553,41.58,-4.71,4,889.666666666667,8566.66666666667,28068.1666666667,42812.8333333333,64145.3333333333,98640.8333333333,115117.333333333,129333.666666667,150766,162347.166666667,174259.333333333,171255.333333333,150692.666666667,76220.6666666667,49801.1666666667,21628.3333333333,9722.83333333333,2444.16666666667,NA,35.3333333333333,192638.5,68.3333333333333,570.166666666667,0.716518506993717,427739.623671278,-6969.06977237682,0.799809162100258,23.1152463899551,-0.279418839437377,0.942206523161498,665766.40343452,-3404.01819769325,-418.982990080811,4.84308570173985
"139",9555,39.58,-3.93,5,85,18117,51623,64839,64808,89153,103722,84069,86900,98845,105996,105308,117266,111062,101677,16537,11371,5113,2,42.5,117266,69.5,2,0.729472517475082,335867.090796019,-5197.49447208402,0.739062891012944,29.2116601176554,-0.369613475866934,0.791213147800692,-2440481.52919185,160068.921644002,-3210.52621541191,20.3387844520226
"140",9557,42.46,0.7,10,1576.5,13224.75,32457.5,52240.5,69752.5,113884.75,127776.25,142476.25,161798.5,162857,168977.25,168103.75,143323.75,54676.25,37439.75,8341.25,2828.25,535.25,9,36.75,171161.5,69.5,9,0.75989033494826,374666.695782535,-6077.88893289563,0.863493853559523,24.9890679801627,-0.31935878478436,0.930497482444405,906154.3342438,-20977.7001565569,-30.2973788023992,2.09485967494141
"141",9559,38.06,-4.38,4,1871.28571428571,9975.57142857143,29750.1428571429,47443.2857142857,74014,116994.428571429,135165.571428571,145714.571428571,161640.714285714,161498.285714286,164002.285714286,158488,119873.857142857,15741.5714285714,11658.4285714286,2432.85714285714,492.714285714286,305,198.428571428571,36.2142857142857,181568.428571429,69.5,198.428571428571,0.573367659534239,341162.029205909,-5661.05495505914,0.844905261426271,25.1703876597488,-0.350280757220967,0.895584566832962,3355784.69212147,-160171.084323743,2527.15008567322,-13.1896560353817
"142",9560,38.19,-6.24,8,887.8,9846,27797,41631.2,60402,101418.2,113213.2,132292.6,134973.8,135721.8,137061.8,132926.6,55052.2,14617.2,11543.2,764,63,14.8,NA,33.5,159154.8,68.1,7.8,0.476596582101879,290222.715616392,-4981.58919506958,0.865359591371278,24.909913551935,-0.362696582385701,0.885550680702984,3432186.66359091,-175720.146221322,2984.73302238434,-16.8152675260995
"143",9562,41.67,2,10,1162.25,23439,57122.75,68507,82898.25,124742,142270.5,141519.5,163652,174009.25,173217.5,156821.5,139002,64734,46973.75,15873.5,3922.75,1932.75,129.25,37.25,182723.5,69.5,129.25,0.691225798498943,388534.959086995,-6253.56485673326,0.897912736162423,23.1532119717538,-0.269694354114936,0.915718035020858,2424206.73214074,-99421.5737292258,1316.9332014509,-5.57607950623171
"144",9564,40.45,-1.6,10,1999.8,13905.4,40122,53918.4,70678.4,100639.6,116185,131663.6,155904.2,161706,169382.2,152146.8,130498.4,77600.6,41019.6,17534,771.8,145,NA,34.9,178049.2,68.1,67.8,0.662084019695772,408098.17836742,-6738.63807915362,0.755504237712731,24.8225397089807,-0.331566758494631,0.904706846179121,363147.092521057,14784.127637964,-784.412471951578,7.25473290100296
"145",9565,42.97,-1.23,10,912.5,10147.75,31500.5,40928.5,50452.25,51731.25,93027.75,103017.25,118558.25,130124,134044,130747.75,108284.25,65991,47584.25,33383.5,9242,3885.5,220.75,38.5,151076,69.5,220.75,0.764500129019066,330628.409227387,-5245.7757375209,0.882836246049169,22.8865980610249,-0.259021600526188,0.940079713380273,745823.068573093,-18204.5884132573,29.6667343376288,1.12665758081842
"146",9567,42.34,1.3,10,2955,15232,42066,50811,63985.5,85472.5,98723.5,97263.5,85307,97179,106897,104326.5,103146.5,26617.5,20953.5,9675.5,2482,880.5,0,31,135665,69.5,0,0.654617118496305,253319.165085172,-4144.07806289898,0.735044065715218,21.1990126060502,-0.253079374924345,0.818521706855169,870408.569181824,-32492.4861252298,375.372312711754,-1.26514824738703
"147",9568,42.76,-0.23,10,1848.75,7208.5,20925.25,28323.5,36398.25,64510.5,79769.5,93932.25,107398,120684.75,139776,146305.75,117830.25,66344.5,46981.25,10066.25,5482.75,1930.5,23.75,38.75,158478.75,69.5,23.75,0.607489858584802,348043.803031197,-5594.8263934706,0.802760927571693,24.8489621369802,-0.330344793741714,0.873298629937516,1210114.50605465,-40259.463767294,363.21674565066,-0.487127789748872
"148",9574,38.6,-2.7,4,36.2,7175.2,25769.8,33082.4,38750.2,53859,64649,66216,72324.2,77475.4,87438.4,82186.2,82270.6,61045.2,42059.4,15261,8596.6,1975.8,20.4,36.7,102441.4,69.5,20.4,0.720693549117777,224569.717135875,-3536.49917035052,0.801271876708192,22.7847019899625,-0.284242994842045,0.897914421538898,-188227.94465435,26587.8263691636,-687.87121454245,4.95766946205862
"149",9576,40.86,-4.11,4,1553.4,9784.8,32442.4,45612.2,67967.8,90814.4,111477.2,126335.6,145423,148060,153805.2,161325.8,152665.2,68079,51544.8,11711.2,6448.4,2807.2,26.8,33.5,173799.8,69.5,26.8,0.691945664028907,390532.322414809,-6278.90753231383,0.688508052185593,24.280832157243,-0.321240804701959,0.908687296990055,95511.9081389012,26492.2621913405,-920.525681433883,7.49678607555204
"150",9577,42.34,2.17,10,197.5,11214.5,31252,44586.5,55780.5,67392.5,75872,61010.5,72298.5,86821.5,95817,98305.5,104081.5,58540.5,26681,11833,2400.5,295.5,2,35,121041,69.5,2,0.463919124239516,235747.594907535,-3780.35247789711,0.864840498574714,23.5885204184974,-0.322735285148772,0.89923189425437,2656495.02860893,-123907.311826561,1926.69472475986,-9.98519235004416
"151",9579,38.33,-3.51,4,359.5,8995.5,21948.5,28117.5,42615,83308,94832,119706.5,139757,150379,156800,154409.5,128832,53721.5,44677,15726,4707,562.5,88,36,161891,69.5,88,0.785630665470107,351771.160590456,-5671.68320487255,0.920504668169256,22.0963165366962,-0.248216958335861,0.949550719522265,847951.196583781,-19740.2007816141,-18.2253468299699,1.83559710253825
"152",9581,42.84,-5.12,4,0,411,2158.66666666667,3995,7482.66666666667,31658.3333333333,48994.3333333333,74247,77723.3333333333,83565.6666666667,93786.3333333333,96021,93953.3333333333,59916,57622,44437.3333333333,16033,782.666666666667,316.333333333333,36.1666666666667,102234.333333333,69.5,316.333333333333,0.89278661083267,230656.615669165,-3505.7106372538,0.792834426000627,20.508521259532,-0.208968076837233,0.948295575431135,-155633.960865291,24142.0253303098,-613.920154776466,4.29556562952103
"153",9582,41.48,-1.63,10,177.25,4295.5,11680,15342.25,18698.75,44356.5,69555.75,92842.25,122521.5,132328,145646.25,141435.75,133068.25,84051.5,50085.5,18253,2779.75,832,37.75,37.25,146951.5,69.5,37.75,0.814020062624312,342378.102611462,-5454.67859267195,0.787301755728808,25.9320572406114,-0.33516842220897,0.918223247480653,-812234.890291265,72059.0702856863,-1671.53458737061,11.5670574529812
"154",9584,41.19,-3.58,4,1029.2,5588,13236.8,23019.2,33365.6,56053.2,77184.2,92785.2,110789.6,111455.8,114908,102393.4,90796.4,25290.6,23343.2,15558,8599.4,998,656,41.9,128499.8,69.5,656,0.663184206678967,286293.445774412,-4640.660651472,0.784874989532534,24.6482842875578,-0.316164645903682,NA,-1416287.9374868,83709.0203367433,-1580.0716701905,9.63435635451404
"155",9586,41.03,-3.27,4,1375.25,10858.25,28286.25,42107.25,65798,101874.5,121080.5,131388.5,146300.25,153894.5,161015.75,165495,168765.5,129648,65987.25,22646,10236.75,5738.25,318.25,37.25,182101.75,69.5,318.25,0.645812533888187,428664.763534357,-6760.18608727386,0.903430494664046,21.7624234524752,-0.244948543281305,0.852182117154332,-59561.2579141957,37372.0194433059,-1125.78594024226,8.65204351946639
"156",9587,41.5,-1.88,4,740.75,4798.5,18822.5,27246,41767.5,57862.75,71191.75,84053.5,77261.25,78926.5,87306.25,91123,97970.25,69124.25,49633.5,9016.25,3862.25,3556.25,331.5,37.25,116243.25,69.5,331.5,0.534566219639601,249934.266929928,-3960.48954357394,0.555659496033844,20.7979597123396,-0.239415260681752,0.870959833203376,832321.129315986,-24816.7890337275,167.294927634591,0.255576255268373
"157",9589,41.6,-2.83,4,600.5,2399,11836,18194,33665.5,56147.5,74684,86067.5,120956,133821.5,135780,129883.5,86513.5,33014,30992.5,22736.5,176,23,28.5,39.5,138860.5,69.5,28.5,0.68523232328782,295348.08502296,-4792.76542949714,0.856826657892401,26.7157005990925,-0.35504435326964,0.888335369744269,418927.714379738,-4791.48637384607,-164.021023378228,2.11115030648303
"158",9591,42.86,-3.59,4,1061.5,8411.33333333333,23943,34373.5,55607.5,86523.1666666667,101152.666666667,117140.666666667,120983.166666667,111775.166666667,125561.5,119211.166666667,78867,30295,25020.8333333333,4958,824,824.166666666667,76,34.8333333333333,140290.5,69.5,76,0.619544578331389,254727.704392134,-4171.23946388186,0.765749558899235,22.6622381194011,-0.291889010806367,0.916989771116967,1725575.08745863,-76350.8019917742,1111.37829285016,-5.31810463568817
"159",9594,42.04,1.01,10,1128.66666666667,6725,19589.6666666667,25985.3333333333,38910.6666666667,58113.3333333333,81133,87052,114840.333333333,127703.333333333,135053.666666667,131691.333333333,133965.666666667,73298.3333333333,51237,4903.33333333333,1274,1021.66666666667,756.333333333333,39.5,138731.666666667,69.5,756.333333333333,0.713493717792635,326241.511768423,-5223.65561999902,0.863079009194058,22.8551096806872,-0.262037929433248,0.867924786670657,-73273.3348191157,32086.2459437528,-969.546708994786,7.54281052924284
"160",9595,40.89,-5.5,4,1673.2,5585,12961.4,NA,33899,66058,90754,117052.6,140418.8,163335.4,171218.8,169138.4,158445.2,81992.6,29043,5626.8,2738.4,889,60.8,39.5,174872.8,69.5,60.8,0.636760020055506,367627.528268996,-5929.20511699075,0.864006850780985,25.0676807737176,-0.310346070870581,0.898731646108998,3140235.41774355,-138252.166789763,2002.05450037011,-9.52957137172362
"161",9596,41.95,-7.45,4,NA,NA,NA,NA,NA,NA,NA,NA,NA,NA,NA,NA,NA,NA,NA,NA,NA,NA,NA,NA,NA,NA,NA,NA,NA,NA,NA,NA,NA,NA,NA,NA,NA,NA
"162",9597,42.31,-2.53,4,2983,9953.33333333333,28640.8333333333,41432.8333333333,55022.1666666667,86871.5,99788.6666666667,116311.166666667,105794.5,109367.666666667,113895.333333333,97913.8333333333,59325.3333333333,22198.6666666667,17764.5,4478,1687.5,421,20.8333333333333,33.1666666666667,134459.666666667,69.5,20.8333333333333,0.566607866988205,235071.492358076,-3887.64019186723,0.815078539867137,21.271879228216,-0.268267022216783,0.86312737046599,1207369.68059755,-53163.8977822673,771.693920752556,-3.69070425312178
"163",9598,41.88,-6.51,5,1203,9819.66666666667,28528.3333333333,NA,56288,99290,130873.666666667,157031,176474,194115.666666667,212708.666666667,216257.333333333,214394.666666667,128724.333333333,76729.3333333333,29005,8816.33333333333,2720,NA,38.5,228162,67.1666666666667,374.333333333333,0.818016989460619,576317.255810569,-9398.48586779119,0.888245670301215,24.8825082652632,-0.293029287856166,0.941223394247468,-1485013.35713197,136690.10057822,-3292.80786623023,23.7483975461825
"164",9600,39.85,-6.04,5,459,4538.2,13941,20964,32233.2,49178.2,82960.8,97322.4,111992.2,118439,123434.6,122860.4,116803.2,93211,61686.8,15987.6,5228,1368.2,49,36.1,135233.8,69.5,49,0.754050645811801,319049.940150195,-5050.02171660508,0.825265705986635,24.8100930580161,-0.32107994020414,0.928827080443572,-841203.860983625,71504.7780202438,-1623.26376742858,11.0687398688305
"165",9602,40.5,-3.96,4,1578,4998.2,14051.2,20645.4,37779.8,63487,80327,88306,117606.6,132283,145624,140736.8,131065.8,53586.4,25115.4,8451.4,3439.4,1134,247.6,38.9,149361.6,69.5,247.6,0.686494317321316,318119.235216473,-5145.63896434644,0.921987876132288,24.3378955769992,-0.297626554666761,0.895060112735263,1702532.05695006,-67862.7966730955,858.562969887971,-3.36487962761116
"166",9606,31.48,-7.45,5,2751,10558.4,30954,44335.6,51454.4,87377.6,102297,101938.4,117502.4,114345.8,111181,119614.2,105945.6,51260.6,33585.4,19933.2,9669.4,2731.6,187,36.9,136382.4,69.5,187,0.53260213821704,275685.620553071,-4389.78506865891,0.744564073133343,22.2655277862751,-0.26688842139688,0.783047037206538,1754138.61288628,-76034.0456471007,1097.13146345097,-5.26799156018709
"167",9612,53.04,51.94,7,3021.14285714286,10495.7142857143,32171.2857142857,49097.8571428571,66894.1428571429,100081,123197.285714286,135694.857142857,150682.142857143,155847.571428571,160331.285714286,141250.142857143,107495.142857143,47287.8571428571,40537.5714285714,6881.57142857143,2666.85714285714,694.714285714286,8.28571428571429,34.2142857142857,175560,69.5,8.28571428571429,0.562979925180782,343298.432213156,-5594.6621638235,0.80065235004336,24.260053179029,-0.322942319126832,0.838783736858156,986537.183838496,-31603.5876759856,254.655015265081,-0.0525655999636344
"168",9619,51.84,79.48,7,1676,11844.5,36831,57760,80074.75,108260,129034,144703,146297.5,144503.75,147935.75,152303.25,129906.75,21761,13727.25,7609.25,2905.5,648.75,7.25,34.25,173839.75,69.5,7.25,0.58042608242156,330967.365483917,-5461.18705658551,0.916244110766765,23.6204334829846,-0.311809932526936,0.894078811970968,2824554.41350872,-131634.680752631,2029.43638687242,-10.3547941592052
"169",9625,51.31,82.59,7,1292.25,12551.75,37564.5,56174.75,77369.5,124974.25,141211.75,166551.5,179130.5,179136.5,175274.75,176437.75,136432.5,41468.75,22757.25,10911,6119.5,4396,NA,34.25,190393.25,67.75,3811.25,0.766244775493073,415903.564296594,-6865.64521134802,0.902871408384283,20.9965412771085,-0.236816662357041,0.858124301906589,-1067573.0445846,95527.9994176797,-2288.12295299652,16.4603958047572
"170",9629,51.35,82.18,7,441.5,4169,14425.5,20625,37974.5,77152.5,102153.5,118215.5,124618,121518,126020,133509.5,116588,77317,36695,6117.5,2200.5,1546,75.5,36,138941.5,69.5,75.5,0.810796916951577,309248.488992097,-4961.51626224932,0.836515114194091,26.0539777366818,-0.342773513760869,0.941678467851668,-323645.716187293,43571.9129061293,-1144.74580362443,8.43118014351764
"171",9632,51.67,80.82,7,803.5,11153.5,35722.5,47626.1666666667,63765.8333333333,93188.8333333333,109300,126836.333333333,140469.333333333,149513.666666667,154500.166666667,147480.166666667,129531.833333333,74042.3333333333,47192.8333333333,9602.5,6886,4187.83333333333,NA,38.3333333333333,173024.666666667,68.3333333333333,150.5,0.753080533346951,392247.66646753,-6404.17173880998,0.831158987678519,26.0625273663113,-0.332610884801037,0.956389922715875,2953888.62516537,-125374.744727866,1724.65852670214,-7.60173746760545
"172",9634,54.13,81.31,7,1673.4,7156,21561.6,33595,53347.4,88903.2,109776.2,136502,158284.6,150866.8,154590.2,154140.6,148517.6,95977.8,62234.8,8519,2685.6,1034.8,10.4,34.3,170395.2,69.5,10.4,0.812679012895784,372432.10373821,-5935.78882183849,0.820126128587282,24.0678720951459,-0.301605999820687,0.904577997930179,-945212.95568195,82953.3462349582,-1919.60928160162,13.2794292092612
"173",9637,51.77,80.85,7,2655.57142857143,8691.85714285714,24295.5714285714,31306.1428571429,42618.7142857143,65025.8571428571,70772.5714285714,85044.4285714286,93510.1428571429,95573.5714285714,83067.1428571429,63889.8571428571,55708.4285714286,42717.1428571429,37547,23307.5714285714,6909.71428571429,2731.28571428571,NA,36.2142857142857,106682.714285714,68.5,1060.28571428571,0.852129264212242,219398.687915493,-3514.93030161951,0.834240207441985,21.4107157082117,-0.245031777007989,0.969990726050197,-337902.839914936,31261.5975425957,-733.859548671267,5.13688880663168
"174",9640,51.87,80.06,7,670.857142857143,5103.57142857143,16369.5714285714,23513.2857142857,34466.7142857143,55179.5714285714,72064.4285714286,84137.5714285714,113049.571428571,117948.857142857,116461.714285714,112193.571428571,91965.2857142857,48667,36445.8571428571,8109.14285714286,2548,1062.57142857143,118.428571428571,33.2142857142857,129349,69.5,118.428571428571,0.649833715363616,259802.149954264,-4184.25987655608,0.725125553882177,18.5557332745682,-0.204154698915978,0.83777249897428,333072.23827151,815.987732739738,-277.585228787244,2.84074983932463
"175",9643,52.1,79.31,7,1744,16219.5,42519.125,58434.375,72654.75,102602.125,115320.25,117750.625,120670.625,118836.5,121098.125,128366,118856.25,56704.375,30928.375,11430.5,2442.75,1217.25,NA,35.375,154332,68.625,218.375,0.695920160817444,320049.45659103,-5217.59201459146,0.905378208187675,21.5348439830648,-0.249412361244051,0.907542400315009,1294771.9696988,-45786.2607650899,469.284271579416,-1.11869669786055
"176",9649,39.13,16.17,8,1176.14285714286,8895,27172.4285714286,36399.2857142857,52202.8571428571,80872,93478,110359,132610.571428571,149902.571428571,162015.428571429,161867.428571429,138034.285714286,52849.4285714286,39539.2857142857,12027.1428571429,6115,3798.71428571429,330.428571428571,37.3571428571429,173051.714285714,69.5,330.428571428571,0.616594481514922,341081.95477676,-5487.99837983355,0.864886787505103,22.1462377588733,-0.264266382462739,0.938089959146352,3169226.38871437,-145941.834847773,2234.75959435856,-11.3755646887503
"177",9653,38.44,16.13,8,3763.5,13850.6666666667,36493.8333333333,51897.5,70880.5,105047,111602.666666667,121711.833333333,137438.666666667,143697,148107.333333333,147767.833333333,142830,88883.3333333333,67835.1666666667,32968.5,13400.6666666667,6519.16666666667,1802.33333333333,39.3333333333333,171462.333333333,69.5,1802.33333333333,0.685070438677093,361317.192594603,-5641.48446251902,0.850704897204417,22.9083184340349,-0.250750538278932,0.864552830519861,1364111.00637038,-49990.025438577,585.069780613437,-2.13014957473177
"178",9657,38.45,16.04,8,2512.85714285714,10613.5714285714,34520.1428571429,46804.8571428571,68870.2857142857,101729.142857143,118697.571428571,131423.857142857,134684,136200,144441.428571429,149746.857142857,144884.142857143,78286.4285714286,52095,18550.2857142857,10782.2857142857,6630.71428571429,1019.57142857143,35.7857142857143,166869.714285714,69.5,1019.57142857143,0.717554261780636,363286.51975372,-5767.47842136293,0.844921688078966,21.3161553069983,-0.243700112876434,0.871739422253485,162868.488431007,20063.6742458741,-755.427662737921,6.2504672772388
"179",9659,41.18,14.18,8,1048.33333333333,5951.16666666667,18288,27666.6666666667,42534.6666666667,64269,83838,99857.6666666667,114692.5,112810.833333333,122090,126323.833333333,118664,69684.5,64632.8333333333,16255.3333333333,6834.66666666667,2859.33333333333,NA,35.5,136899.833333333,68.3333333333333,1487.16666666667,0.769471823523161,339202.073920037,-5479.32116116703,0.845899061870346,20.9711447267919,-0.239708682998832,0.87675823987469,-2160949.00013391,146067.523883117,-3025.95310424953,19.8408611155407
"180",9697,41.62,23.94,8,730.6,7822.8,26843.2,44437,67619.4,112952.4,151908,199451.6,220078.8,228143.8,242418.4,244641.2,202294.6,42428.2,33293,9817.8,3300.4,1927.6,192.8,38.3,245397,69.5,192.8,0.604526115629552,490627.237964498,-8005.49435450624,0.962274435214333,25.6226745715199,-0.324978322698141,0.914169726832438,4184312.87963865,-191911.568571718,2908.55049733539,-14.5700434861689
"181",9698,41.57,23.85,8,1046.5,7591.75,25682.25,35058,43032.75,62878.25,75718,85468.75,73525,83668.25,95644.25,92680.75,66399.25,32274.25,28678.5,5529.5,1701.75,1087.75,NA,37,115618,67.75,398.75,0.524074769701822,232592.433984667,-3815.97308893299,0.937284026137114,21.5572324205198,-0.273239522382862,0.869213393277404,3068908.86152916,-147587.658682504,2369.56222672962,-12.7117736972589
"182",9699,41.37,23.14,8,1839,9407.57142857143,25271.2857142857,40591,68284,116339.285714286,142370.571428571,164978.714285714,192708.142857143,206010.428571429,208772.571428571,204683.142857143,154055.428571429,49180,36635,13117.4285714286,2001.28571428571,1199.42857142857,314.857142857143,39.9285714285714,222510.428571429,69.5,314.857142857143,0.62238292829028,437470.412352961,-7128.39917090206,0.900570070392395,26.9225371021229,-0.3488235191164,0.941916292204628,4177298.78132615,-197878.425953182,3114.61149369637,-16.2879303901643
"183",9713,42.49,25.61,8,743.833333333333,10131.6666666667,32696.5,52460.3333333333,69033.3333333333,107152.333333333,124639.166666667,126836,141242,145310.833333333,151907,144605.666666667,98586.5,29264.3333333333,19616.6666666667,6011.66666666667,2234.16666666667,224.333333333333,21.6666666666667,33.6666666666667,166467.833333333,69.5,21.6666666666667,0.578994871649628,299902.045058355,-4922.79389361227,0.783534813280055,23.2123767806961,-0.309341895016804,0.861359617345585,2426292.18515854,-113752.954022458,1770.99204621116,-9.15771662958578
"184",9716,41.54,24.98,8,2488,26907,84574.6666666667,112868,145083.666666667,194507,213170.333333333,227913,245722.333333333,245398.333333333,253672,250217,229540.666666667,98588.3333333333,89594.3333333333,18395.6666666667,2517.66666666667,1169.33333333333,NA,36.1666666666667,256830.666666667,67.1666666666667,320.333333333333,0.839590139800256,619416.183092979,-10216.022706738,0.900525121662854,22.2537318149592,-0.242268680048014,0.95586118440909,-1523734.18936545,142075.042160515,-3450.24487032681,25.0210028274001
"185",9719,41.83,25.69,8,1436.25,4052.875,14084.75,22030.625,38632.5,74198.25,92856.25,112846.375,117655.75,121650.25,130838.25,131148.75,118323.5,53857.875,42411.25,28765.5,9449.5,3121.375,543.25,41.25,143293.875,69.5,543.25,0.709343377436366,318068.511060881,-5050.16498014512,0.862880879606784,24.8287844619825,-0.301694549914879,0.83535831242148,1229227.39142582,-43699.6717268549,468.11810171611,-1.34266813730677
"186",9723,41.42,23.67,8,1898,9304.33333333333,26464.3333333333,42257,64619.5,110487.5,133794.5,154058.666666667,178722.833333333,178368.166666667,181384.333333333,162920.833333333,129865.166666667,46726.1666666667,31181.1666666667,16161.8333333333,2875.83333333333,2174.5,364.5,39.1666666666667,198519,69.5,364.5,0.581367517110895,401188.257101281,-6542.51927165738,0.87790174259667,24.2036318405001,-0.309315917234522,0.899800494819138,3674844.64807435,-174007.832833773,2740.47519068037,-14.3497761031407
"187",9726,37.07,22.04,8,279.8,10976.2,33800.8,NA,53551.2,72055.4,89014,82177.4,82783,94912,122478,132336.2,133062.4,95782.8,79535.6,28687.6,19660.2,7375.4,960.2,38.1,154387.2,69.5,960.2,0.616627032299742,345302.626799227,-5343.60929880677,0.700288809080345,22.7070844102688,-0.257269335225563,0.789420824705175,275904.56840397,8756.51150804591,-451.62586062062,3.8672166982564
"188",9736,44.69,25.17,7,2980,11506,33606.1666666667,57703.1666666667,80884.3333333333,144797,161330.5,182820.666666667,212050.166666667,213181.5,224012.166666667,211825.166666667,129116,71336.5,53246.1666666667,16553.1666666667,6292.5,2267.33333333333,NA,37.8333333333333,235968.166666667,67.1666666666667,1628.83333333333,0.671699011073262,508617.960598129,-8438.90197727263,0.907785619405463,24.775261221042,-0.311062476671041,0.92098281158958,960095.41398348,-13986.0968012672,-339.799024423866,5.09280298790085
"189",9737,45.95,22.62,7,1368.71428571429,15423.5714285714,47291.8571428571,67068.2857142857,95214.1428571429,134393,161068,155375.571428571,167995.857142857,158992.428571429,162016.285714286,138243.428571429,109939.714285714,51754,41356.2857142857,17934,9531.57142857143,4634.57142857143,NA,32.6428571428571,200805,68.5,544,0.626443748520888,375725.353118688,-6180.33870075414,0.772662719925945,19.9622333407898,-0.225187497981026,0.832372893545327,1330234.84142041,-48239.9166201304,513.151993631436,-1.29505779989624
"190",9739,46.01,22.33,2,2176.85714285714,12916.8571428571,40875.2857142857,61689.8571428571,89388.5714285714,130061.142857143,158518.857142857,176644.857142857,196177.714285714,189185.714285714,185931.571428571,155466,120211,56278.4285714286,49139.7142857143,18691.8571428571,8970.85714285714,1799.57142857143,677.428571428571,36.3571428571429,220029.857142857,69.5,677.428571428571,0.749302524953528,460578.834688779,-7512.81283434235,0.882539207858712,25.7286531089073,-0.341276999042536,0.91789893230564,-953415.29578186,77672.9745703362,-1747.21205601888,11.9219992211004
"191",9741,45.84,23.16,2,506,4316.5,18822.25,28008,38630.5,54105.25,64642.25,73968.5,64463,66486.75,68845.5,70992.75,66855.75,62718,48648.25,15849,7243.5,3985.25,NA,32,97449.5,67.75,3837,0.506466838342571,243204.139692205,-3962.70596279526,0.569509600276406,15.4202247896193,-0.159162522274995,0.789616271557148,-3544114.17776953,219665.955421047,-4367.82764668075,28.1924898801293
"192",9743,45.14,25,7,604.25,4594,14132.25,19784.5,31019.25,52120.75,63720.25,79067.5,85373.5,93264.25,98221.75,101312,96945.5,61058.75,50681,23925.5,4557,1710.25,70.5,37.75,106471.25,69.5,70.5,0.757950250346137,244232.31714932,-3827.67803571053,0.813548634979424,21.9759504202569,-0.25488589005717,0.866813922916101,462756.917401031,-5034.68208189009,-177.432652368002,2.22035036683272
"193",9748,44.23,21.71,2,1397.25,12135,37682.75,52097,79719,110295,128480.25,143817.75,157794.75,157169.75,161782.25,167717.5,155221,76235,47129.75,15078.5,5957.75,1893,58,34.75,171030,69.5,58,0.643937864587668,385085.593820835,-6173.06814993515,0.766373888255773,21.03733307735,-0.267779675574426,0.895813386806795,526684.471435027,1597.29497574712,-450.94824578855,4.60367420586949
"194",9749,43.54,22.29,8,379.833333333333,9791.66666666667,27392.1666666667,38024.5,50148.8333333333,68373.3333333333,86503.6666666667,87643.6666666667,84132.5,88178.6666666667,99124.1666666667,101063.166666667,102730.833333333,63183.8333333333,55016.6666666667,25432.1666666667,7884.33333333333,4395.83333333333,318,38.6666666666667,137311.333333333,69.5,318,0.704952010929784,316145.063217529,-5009.37955681565,0.865593529130826,23.5717990701777,-0.280813059200324,0.892387802532804,362549.89854612,4215.14269127943,-394.903873908688,3.73796813129455
"195",9758,47.75,88.4,7,456,14749,28583,37634,47451,90758,112599,143150,185442,218285,231589,245314,274591,224560,163036,73891,45744,14756,191,42.5,274591,69.5,191,0.852221361645085,707107.453980099,-10857.4723604201,0.825035772145543,24.3162389362206,-0.252481488409748,0.952992990213238,-567633.647383081,84499.5545850005,-2177.87104372446,15.5451468842331
"196",9759,37.47,49.47,8,190,411,3410,4665,6516,11554,32458,56644,52009,61321,68308,50978,48740,24889,13254,4439,538,0,39,36.5,68308,69.5,39,0.793039683844711,134261.365635939,-2174.8446907818,0.734832521810765,23.5829299409428,-0.308652872463815,0.970382536300476,299798.875849113,-6861.43608400378,-10.284093622354,0.679065793223504
"197",9766,42.26,74.16,7,216.5,1237.5,5087.5,7713.5,14021,22007.5,23802.5,30287,46553.5,50930.5,52479,55955,49923,20293,15683.5,255.5,0.5,0,8.5,39.5,55955,69.5,8.5,0.616005895684103,121446.793902439,-1965.52926829268,0.724621296840068,27.4407812814131,-0.414852825668301,0.951164946256572,638034.567221009,-24953.0982987763,305.973821273031,-1.13386464142346
"198",9769,48.55,8.99,2,1241.8,13957,35248.8,47107.6,61762.2,87755,95620,94474.4,109496.8,107088,109773.8,115775.4,100915,52680.2,43360.4,23074.6,10906.2,4684.6,1382.2,35.7,124269.8,69.5,1382.2,0.63006071123435,288253.755471711,-4565.73310906286,0.763913563067819,17.2724949428943,-0.184240122436422,0.821639937608374,-716693.393933694,58872.9478336132,-1317.76710277301,8.92443564153649
"199",9774,48.59,9.22,2,565,2906.66666666667,10963.6666666667,19591,32671,68099,75753.6666666667,93864.6666666667,113763,109149.666666667,102542.666666667,99794.3333333333,57668.3333333333,2857.33333333333,2420,311.666666666667,3.33333333333333,16,4,34.5,119217.666666667,69.5,4,0.655458644217069,215672.74039506,-3614.44030463134,0.870399771540456,25.6542164304388,-0.382582174493861,0.910858096562735,1247198.41448552,-55177.9138366401,792.680831982843,-3.68777196253053
"200",9775,48.41,8.79,2,1287.8,12749.8,38984.4,56385,70051.4,111089.8,118922.4,136526.6,158252,163959.4,169029.8,160022.4,111713.8,27072,14557.4,1246.8,53,140.2,92,35.5,173007,69.5,92,0.65421985642098,349469.891466569,-5781.71117210526,0.83014254847766,24.6096919372197,-0.336577119804573,0.898204924190136,1963368.9124086,-82857.6106090257,1123.40890031492,-4.84372620212326
"201",9779,48.5,8.78,2,1232.8,2419.8,7691.6,14457,28277.4,61612.6,84064,99201.4,119845.4,130855.8,139169,132321.4,111220.2,33538.6,19250.6,2699,534.4,276.4,9,36.7,140926.2,69.5,9,0.676915761304419,298160.79989566,-4887.31459433353,0.850129701202732,27.2218148943453,-0.395730742141478,0.916370290923933,1197731.7078182,-43370.0906123168,456.043614456651,-1.13802594067064
"202",9781,48.52,9.11,2,1691.71428571429,14151,36644.7142857143,51256.7142857143,71884.7142857143,88043.5714285714,97221,93992.7142857143,86942,86235.5714285714,85918,70240,52193.4285714286,24414.4285714286,14695.4285714286,7174.57142857143,3419,611.857142857143,35.2857142857143,33.2142857142857,109819.714285714,69.5,35.2857142857143,0.637984894174276,179853.957641752,-2944.72202555439,0.777842525039554,20.7543989669609,-0.257443783542953,0.890978979019901,1208975.5800543,-56507.8685569316,883.38721616786,-4.61454288776634
"203",9782,48.53,9.09,2,1486,7914.83333333333,24383,42125.6666666667,69481.6666666667,114257.166666667,139230.833333333,150123,166202.5,172617.166666667,183460,187649.333333333,168782,57537,28553.1666666667,7958.33333333333,4800.33333333333,3615.5,404.833333333333,37.6666666666667,190832.5,69.5,404.833333333333,0.687266533385853,417069.407208365,-6775.23433131646,0.900932276157653,23.724198726253,-0.29381684810454,0.862904203261289,1490833.09257111,-46623.151456512,331.042420638378,0.474147019062843
"204",9784,48.5,8.8,2,1584,10239,35144.8,58212.2,95744.8,143897,171908.4,190834.8,209648.6,214923.8,218868.2,220650.6,195506.2,61310.8,34333.6,5628,2480.6,781.6,34,38.1,227826.6,69.5,34,0.641629821490775,483973.598072378,-7900.39488600625,0.919777134996919,27.7643258722033,-0.387631597410721,0.899421466022561,3062217.37036609,-128015.193621581,1723.74857429488,-7.40219744802628
"205",9803,48.42,8.76,2,1690.33333333333,12200.6666666667,39687,58028.3333333333,80108.1666666667,102507.166666667,106300.833333333,103802.666666667,99187.8333333333,92322.3333333333,86622.6666666667,78556.5,50296.3333333333,30729.8333333333,19897.3333333333,11280.3333333333,1413.66666666667,624.166666666667,152.166666666667,30.6666666666667,113570.166666667,69.5,152.166666666667,0.621244585225066,205613.738748317,-3364.64005997683,0.730447952245809,19.2698510761072,-0.226015404587229,0.83227719434207,271324.212479565,-1893.87824057868,-146.967648626853,1.70619536902944
"206",9804,48.45,8.87,2,897.571428571429,5473.85714285714,16366.4285714286,23014.8571428571,34166.8571428571,45884.4285714286,51777.8571428571,61160.4285714286,72758.4285714286,77164.1428571429,82646.4285714286,75351.5714285714,60263.5714285714,27731.2857142857,21065.2857142857,2441.14285714286,1284.71428571429,681.714285714286,257.285714285714,35.2142857142857,99983.4285714286,69.5,257.285714285714,0.627781761666425,205008.596991198,-3356.9683031099,0.865985191457543,22.4226063046737,-0.293511744459262,0.860875430150045,98003.830902347,9093.97587741654,-370.289150993632,3.16430566560217
"207",9813,48.4,8.77,2,2581.75,8627.5,26377.5,35309.25,48548,56863,68903.5,49453.25,37048.5,30137.25,29505.25,37448.75,30580.75,11043.75,4013.5,3279.5,3198.25,2102.5,22,27.5,68903.5,69.5,22,0.43067675967993,89754.1704969345,-1476.5063801891,0.632113896060295,16.2977069141292,-0.222925655980097,0.749949322479126,228273.081462863,-8862.64777894936,113.794836569784,-0.483028230578044
"208",9814,48.42,8.79,2,919,10349,30043,56523,91256,145822,165903,192987,181343,192059,195166,168032,47473,10417,8375,2674,2475,2506,0,36.5,195166,69.5,0,0.523770235997575,323504.162427071,-5396.76872812135,0.798059802081239,23.9233599606391,-0.302099972679818,0.919342179037488,4158459.15346925,-212970.943320478,3608.44220452159,-20.2186487419352
"209",9910,50.68,3.52,1,1054.5,3188.33333333333,11051.6666666667,15733.5,23703.1666666667,46739.3333333333,58965.5,71331.8333333333,77093.1666666667,77666,77972.5,71511.8333333333,48889.5,11723.1666666667,5955.33333333333,5142.83333333333,4858,926.166666666667,492,35.6666666666667,86723.3333333333,69.5,492,0.688531576396721,179733.034846866,-2951.60819219202,0.805296304628424,20.0032288507293,-0.23718634703923,NA,-1252963.07805916,70024.172078195,-1275.37756774979,7.59542047973606
"210",9920,48.54,4.32,1,368.5,6319.83333333333,17560.8333333333,NA,45283.3333333333,74443.8333333333,84234,93743.3333333333,92886.3333333333,98100.3333333333,107503.166666667,91896.6666666667,87797.3333333333,56038.1666666667,29144,7122,2580.5,931.333333333333,133,33.1666666666667,130365.666666667,69.5,133,0.577246240377651,272321.245231706,-4427.96802649812,0.683671734722014,19.8631269781556,-0.260296742994261,0.851655343152546,483465.410433972,-8103.60008167636,-108.205829057524,1.80127938100139
"211",9925,48.91,4.52,1,175,11185.3333333333,29247,36213.3333333333,45940.3333333333,54735,65888,70456,85222.6666666667,97165.6666666667,103279.666666667,110650.666666667,112656,98787.6666666667,78049.6666666667,15882.3333333333,2189.33333333333,476.333333333333,NA,34.1666666666667,138138.333333333,67.1666666666667,419,0.679800690289453,376991.876622369,-6191.88919918539,0.843151753176536,22.7840140341288,-0.301915765967812,0.914194529752904,-6289335.48172249,389854.501468567,-7759.53807540256,50.107916567053
"212",9933,43.74,3.89,7,1709.66666666667,19026.3333333333,51058.6666666667,62623,68285.6666666667,77726.6666666667,80543.6666666667,86759.6666666667,83260.3333333333,86534,93727.3333333333,102102.666666667,93849.6666666667,54887.6666666667,40099.6666666667,3528.33333333333,430.666666666667,373.333333333333,196.666666666667,35.5,117180,69.5,196.666666666667,0.777119750346867,246237.245731592,-3958.35071523745,0.880454266858948,22.4685134839108,-0.268273862606768,0.883465314807715,-398607.581117288,41399.8285115513,-1014.01225173632,7.21594922900734
"213",9941,40.92,-8.54,NA,1463.71428571429,10301.8571428571,29762.7142857143,48088,76146.1428571429,101054.857142857,119676.285714286,130221.714285714,146073.428571429,143547.428571429,143142.714285714,135958,104500.857142857,44387.4285714286,23862.7142857143,4166.85714285714,1059.57142857143,441.285714285714,NA,33.0714285714286,156637.714285714,68.5,346.857142857143,0.775973478485758,340193.255063373,-5641.17129169936,0.82241388286634,21.7968152682786,-0.270524784988187,0.92235562661354,-1120351.29916011,91822.685561029,-2126.88038811886,15.0625878554706
"214",9944,36.83,-6.36,5,0,261.5,1292,2750.5,4443,16318,27531,37909.5,46831.5,47179.5,52517,39837.5,26876.5,19414.5,19903.5,16052,10446.5,153.5,68.5,32,54956,69.5,68.5,0.758317538599998,97549.4626400745,-1508.97976769126,0.736235924107182,17.6315362023696,-0.180899241468223,0.879061141035053,396306.351745892,-17739.1660026534,280.66036885108,-1.55124252221065
"215",9947,40.74,-3.9,5,NA,NA,NA,NA,NA,NA,NA,NA,NA,NA,NA,NA,NA,NA,NA,NA,NA,NA,NA,NA,NA,NA,NA,NA,NA,NA,NA,NA,NA,NA,NA,NA,NA,NA
"216",9992,38.3,42.22,NA,544.666666666667,5343.66666666667,19076.8333333333,32988.8333333333,53647.1666666667,96684,125468.666666667,158374,195448.5,210759.333333333,223966.166666667,228029.666666667,221336.5,164825,108373.166666667,35663,15184.8333333333,6652.5,418.333333333333,40,229896.666666667,69.5,418.333333333333,0.779374208234233,573818.004188344,-9007.5022045601,0.897181374809837,23.8453829795962,-0.262476980558013,0.91736183539649,-1231753.31613131,113133.87977209,-2635.85943375983,18.1944437480748
"217",10006,44.64,34.38,NA,1052.4,5495.2,14284.2,23418.4,31653.8,60260.4,77282.6,95374,122554.8,125496.6,132810.6,140851.6,138740.6,81189,36401,14635.6,9621.2,3135,301.6,41.5,147949,69.5,301.6,0.681291470084661,307994.335629327,-4877.03465232796,0.844607598999884,22.9957306572327,-0.26084527525646,0.943013134723997,3609937.14763023,-167992.880644324,2606.34859266393,-13.4728147582569
"218",10014,38.65,48.8,NA,1806.2,12732.8,32682,42352.2,65807.8,86489.8,116659.2,139383.4,170000.2,178383.2,191744.8,183735.2,169461.8,117218.2,90314.8,31520,14988.4,8750,683.2,40.5,200612.8,69.5,683.2,0.742265849713362,456622.613717983,-7154.341573833,0.890117064252094,22.9196778126404,-0.247579778121898,0.936538139991982,2540570.53981444,-98936.5900120526,1240.94110449236,-4.93165064907195
